shap_NDVI,shap_NDBI,shap_MNDWI,shap_Contrast,shap_Entropy,shap_Homogeneity,shap_Correlation,shap_road_density,shap_paved_proportion,zone_id,settlement,ensemble_scmi
-0.012400234,-0.013622925,-8.8512934e-05,-0.012784168,0.00093296805,0.0057337093,-0.00045580318,0.0063791606,0.0,MLM_2,Milimani_village,0.06660890686127387
-0.008154242,-0.013438785,-5.8724494e-05,-0.009603818,0.0019337464,-0.00075395504,-0.0011147485,-0.0007939935,0.0,MLM_3,Milimani_village,0.06439899811923631
-0.010609997,-0.015175163,2.6998154e-05,-0.013210597,0.0016176042,0.0006404797,0.0013825231,0.008650779,0.0,MLM_4,Milimani_village,0.06651631415318017
-0.012113771,-0.014567251,-0.00027922596,-0.012069444,-0.002102663,0.0013539549,-0.00020811465,0.005722458,0.0,MLM_5,Milimani_village,0.06420611211682901
-0.011237148,-0.017688429,0.0010969503,-0.0067700353,0.0033215214,-0.0022316456,-0.0018063779,0.0066464324,0.0,MLM_6,Milimani_village,0.06834877991811451
-0.011550046,-0.017004536,-0.0008904239,-0.004103907,-0.0005933562,0.0015524789,-0.0010719957,0.0032265335,0.0,MLM_7,Milimani_village,0.06600239990373107
-0.007779755,-0.013688069,-0.0007335079,-0.009324008,-0.0007576269,0.0014329994,-0.0011751469,-0.002365025,0.0,MLM_8,Milimani_village,0.0594172568243607
-0.009441019,-0.013714612,-0.0012852583,-0.009309829,0.0023884508,0.00047703838,0.00065896055,-0.0009119474,0.0,MLM_9,Milimani_village,0.062055721820050876
-0.010552995,-0.015544087,-0.0015133586,-0.008432435,-0.001281508,-0.0007957641,0.0006787292,-0.00217103,0.0,MLM_10,Milimani_village,0.059254407840178845
-0.0023984413,-0.0030565867,-0.0005479468,-0.003934872,0.0002615526,-0.001749043,-0.0032736901,-0.005547429,0.0,MLM_12,Milimani_village,0.07533509516476934
-0.012177738,-0.017182752,-0.0008766928,-0.007119356,0.00010769422,0.0011776944,0.0010441736,-0.0014253042,0.0,MLM_13,Milimani_village,0.06394903774827869
-0.012150003,-0.017121334,0.00040687737,-0.0130119985,-0.0012493376,0.004459423,9.85714e-07,0.0075657414,0.0,MLM_14,Milimani_village,0.06448276019431573
-0.008077108,-0.015500112,0.0012336706,-0.009327071,4.1457177e-05,0.002925417,-0.0007018295,-0.0008346875,0.0,MLM_15,Milimani_village,0.06399013282604894
-0.0093677975,-0.016589412,0.00029601762,-0.008292477,-0.00012171056,0.002895913,-0.0009662666,0.00023053878,0.0,MLM_16,Milimani_village,0.0630174172128129
-0.0076536587,-0.0133711025,0.00070524303,-0.00947684,0.0013584848,0.0002478325,-0.0014411819,-0.000260616,0.0,MLM_17,Milimani_village,0.06364623652834982
-0.01129752,-0.015318851,0.0006243341,-0.005910495,0.0034529304,-0.0010251354,-0.0008688597,-0.00051108067,0.0,MLM_18,Milimani_village,0.06768196090025079
-0.007154078,-0.014457015,0.0018587528,-0.005264997,0.0024220648,4.5681678e-05,-0.0015444472,0.004489685,0.0,MLM_19,Milimani_village,0.0761155389059112
-0.0064403196,-0.013068015,0.0016235365,-0.0017407966,-0.0017605528,0.00021059877,-0.0018172992,0.0031782277,0.0,MLM_20,Milimani_village,0.0788477294375116
-0.00960917,-0.014118542,0.0009340987,-0.0059831287,0.0005134756,-0.0011219677,-0.0010376254,0.0060490347,0.0,MLM_21,Milimani_village,0.07107470674574763
-0.008834615,-0.013528319,-0.0007215069,-0.007877053,0.004404057,0.0011202914,0.00032137393,-0.0016320049,0.0,MLM_22,Milimani_village,0.06417678013694596
-0.005905763,-0.009488349,0.00061508495,-0.0037681693,0.0015064945,0.00033348295,-0.0025443055,-0.0030474383,0.0,MLM_24,Milimani_village,0.0742359502004153
-0.014319435,-0.019146224,-0.0013452579,-0.012802562,-0.0013999268,0.004476241,-0.0005826371,0.007296661,0.0,MLM_25,Milimani_village,0.06253473008307998
-0.01147659,-0.012492604,-0.0023591742,-0.0097401105,0.0014792919,0.0076682344,0.00085025234,0.0073424345,0.0,MLM_26,Milimani_village,0.07280723111576641
-0.011576244,-0.013509676,-0.0012876446,-0.0126209,-0.0007000292,0.0037634617,1.771947e-05,0.009527842,0.0,MLM_27,Milimani_village,0.06796311891295244
-0.0068212072,-0.01224131,0.00014768147,-0.01052228,0.0016651622,0.00160592,-0.00026411368,-0.0019404055,0.0,MLM_28,Milimani_village,0.06503423084027748
-0.012205003,-0.012588095,-0.0012353538,0.001387799,-0.001845613,0.0009994535,0.0006248787,0.0021489183,0.0,MLM_29,Milimani_village,0.07346162182399459
-0.0032413392,-0.010136296,0.0012006669,0.008782512,7.8620997e-07,0.00084672944,-0.0005336814,0.013536689,0.0,MLM_30,Milimani_village,0.0994173446884437
-0.0023746763,-0.010073879,0.0021277887,0.005786909,0.0006304791,-0.0006325929,0.0020794175,0.01256616,0.0,MLM_31,Milimani_village,0.09899010191808211
0.00057599694,-0.007950776,-0.0011152624,-0.0037479212,-0.002336593,0.0011063452,0.002858723,0.017287025,0.0,MLM_32,Milimani_village,0.09747549377090318
-0.0012882228,-0.0073688393,-6.866687e-05,-0.0009617004,4.298714e-05,-0.0008744875,0.0032510862,0.013340747,0.0,MLM_33,Milimani_village,0.09310490740185869
-0.010408967,-0.014533067,0.00034757933,-0.0050646933,0.0036473149,-0.0011504439,0.00026872076,0.0074943467,0.0,MLM_34,Milimani_village,0.07573725316527412
-0.0033431647,-0.009452628,0.0013148981,-0.0061252215,-0.0022689337,0.0003010323,-0.0017823557,-0.006048462,0.0,MLM_36,Milimani_village,0.06706820232431344
-0.0056386255,-0.012555226,-0.00066761486,0.00066478975,-0.002301745,0.0020808605,-0.00014581994,-0.0025224073,0.0,MLM_37,Milimani_village,0.07425854684769834
-0.0039416696,-0.011340985,-0.001973189,0.008102268,0.0039636977,-0.0011476994,-0.0052936487,0.011281082,0.0,MLM_38,Milimani_village,0.09134421056924374
-0.012098162,-0.014081147,-0.0010947955,-0.0051204045,0.0069626076,-0.0003573518,-0.0013233541,0.008130776,0.0,MLM_39,Milimani_village,0.07591834102316981
-0.0034262023,-0.0070376555,-0.00088851707,0.00383477,-0.00020959348,-0.0008300697,-0.00089733815,0.015622914,0.0,MLM_40,Milimani_village,0.09467554326622345
0.00022878911,-0.0010605125,-0.00030382903,0.01447686,0.00058653235,-0.0012991759,0.00023010581,0.019507956,0.0,MLM_41,Milimani_village,0.1209115293685293
0.00070450583,-0.011112282,1.0058184e-05,0.017210647,0.00094648113,0.004841905,0.0066966536,0.019321889,0.0,MLM_42,Milimani_village,0.11503733409126486
-0.0016323759,-0.013814355,-0.0009440899,0.005872862,-0.00081492274,0.0007680462,-0.0011793822,0.012731372,0.0,MLM_43,Milimani_village,0.09209328965031338
0.012850899,0.019339235,-0.0022905949,-0.0033397388,0.0054485267,0.0029384512,0.0005383877,0.013371615,0.0,MLM_44,Milimani_village,0.12981923777205143
-0.0035153814,-0.013102902,0.0016256527,-0.010014486,-0.002185567,0.0023346203,-0.0003099498,-0.0011817726,0.0,MLM_45,Milimani_village,0.07185869143576455
-0.012138,-0.015103621,-0.0004903561,-0.00731483,0.0011549247,-0.002068233,-0.0009364306,0.008255388,0.0,MLM_46,Milimani_village,0.06892662236101103
-0.004449839,-0.0075890166,0.0038364828,0.005785838,0.002417379,0.00049561897,-0.0036746978,-0.0026559613,0.0,MLM_47,Milimani_village,0.08750181135466018
-0.011410937,-0.01464828,-0.0002575779,-0.0024244988,0.0027051694,-0.0006558061,0.0013818167,0.0072424477,0.0,MLM_50,Milimani_village,0.07400199447188378
-0.0029285157,-0.00598561,0.00014223073,-0.0051818485,0.00031376706,0.00085834553,1.2095554e-05,0.014357644,0.0,MLM_51,Milimani_village,0.09112181342092622
0.002081367,-0.0046068328,-0.0001820616,0.0068214717,0.0058254995,-0.00012615912,0.0011852253,0.015527505,0.0,MLM_52,Milimani_village,0.10734872408931968
0.0039941147,0.009728984,-0.0035625529,0.011458909,0.0027922469,0.002989024,-0.0035563798,0.018012116,0.0,MLM_53,Milimani_village,0.13173416453693731
0.0077428473,0.005470734,-0.00053098006,0.016385045,0.00096457906,-0.0012154293,-0.0036227994,0.018085996,0.0,MLM_54,Milimani_village,0.1342793817239804
-0.0017867995,0.006262654,0.0012813018,0.0114216395,0.00053359626,-0.0029790355,-0.00038481827,0.01679343,0.0,MLM_55,Milimani_village,0.12330402199993971
-0.007519936,-0.015843416,-0.00033350903,-0.00819574,-0.0007931839,0.003351614,0.002291113,-0.0032086836,0.0,MLM_57,Milimani_village,0.06338909277031414
0.01058796,0.03415795,-0.006200235,0.0041256095,-0.0037093505,0.0069275727,-0.004814852,0.014796987,0.0,MLM_65,Milimani_village,0.15167782653135176
-0.011847442,-0.012369925,-0.0004274663,-0.0041736867,-0.002325976,0.0012595942,-0.0018333298,0.010166496,0.0,A48_1,area_48_village,0.07658711892214498
-0.011419776,-0.01525521,-0.0007654101,-0.008488239,0.0028052994,0.00062131224,-0.0010646769,0.009569307,0.0,A48_2,area_48_village,0.0728968087681423
-0.0062789004,-0.009666478,-0.00065278006,0.0074894824,0.0032182063,-0.00092880864,0.00014644933,0.0032111371,0.0,A48_12,area_48_village,0.08215094473273392
-0.013953497,-0.016393144,-0.000120871235,0.004769796,0.00030898093,0.0068475837,0.00040192195,0.014362992,0.0,A48_13,area_48_village,0.0836857984261381
-0.011433668,-0.012773064,-0.00045566223,-0.00520448,-0.0033177778,0.0004666565,-0.0004307127,0.007118745,0.0,A48_14,area_48_village,0.07040942886334013
-0.010390367,-0.009109873,-0.0012511698,-0.0025539428,0.0012018114,0.00056872045,0.0007323889,0.009763557,0.0,A48_15,area_48_village,0.07859936357921402
-0.010821702,-0.015590413,-0.00110178,-0.010077965,0.0012562708,-0.00027101205,-0.0012083354,0.0076820115,0.0,A48_16,area_48_village,0.0667548975096579
0.0003684107,0.0044659805,0.0008682754,-0.007188691,-0.0009357045,-0.0025658903,0.00017572683,0.015981011,0.0,A48_17,area_48_village,0.10063183438471428
-0.0012844484,-0.0075035556,0.00307001,0.002642258,0.0049893595,0.0027231148,0.00044509253,0.016831657,0.0,A48_18,area_48_village,0.10110230865202426
-0.007991492,-0.006575424,0.0018220777,0.0008392934,0.0043805283,-0.0032762422,0.0011893628,0.013361327,0.0,A48_21,area_48_village,0.09160369952236479
-0.0065437723,-0.013101702,0.00124586,-0.009847748,0.0027551455,-0.0013183042,-0.0012766289,-0.0027762211,0.0,A48_22,area_48_village,0.06783641461022388
-0.013306275,-0.01617763,-0.0017804898,-0.0037223455,-0.0012386714,0.005633187,-0.0016742455,0.010464259,0.0,A48_24,area_48_village,0.07225626099581269
-0.012265348,-0.014157981,-0.00083469943,-0.013490877,0.001387943,0.0005265117,-0.0015330929,0.009548762,0.0,A48_25,area_48_village,0.06567176557472033
-0.004947141,-0.006611882,0.0023052345,-0.013378331,0.0017094094,-0.0017075469,-0.0009728696,0.0103763575,0.0,A48_26,area_48_village,0.07690402130532475
-0.0073257727,-0.009017057,-0.000520469,-0.0067147324,0.001397631,0.0021204026,0.0014423319,0.01049523,0.0,A48_27,area_48_village,0.08220074248012531
-0.013192359,-0.017066091,-0.0013538469,-0.013753508,-7.223391e-05,0.0035893156,-0.0013688206,0.008149269,0.0,A48_28,area_48_village,0.06348957166651382
-0.007117402,-0.011467706,0.0008902547,-0.013441726,-0.0015714766,-0.0012289128,0.001099466,0.009690837,0.0,A48_29,area_48_village,0.0692091666948327
-0.0013971411,-0.004715388,0.0012900432,0.003981922,-8.951139e-05,0.0015614658,-0.00097007153,0.015447898,0.0,A48_30,area_48_village,0.10186545715958058
-0.0009255714,0.004490748,0.0033317679,0.014063325,0.0023322126,-0.0031308,-0.0035350893,0.012507248,0.0,A48_31,area_48_village,0.11857298532085835
-0.0019987074,0.003212934,0.0029180173,0.008922801,0.0018210892,-0.0044228043,0.0013304717,0.01564357,0.0,A48_32,area_48_village,0.11809846392511213
-0.007577596,-0.01197311,0.0020984488,0.0035972358,0.0048074247,3.997198e-05,0.00028374197,0.021447385,0.0,A48_33,area_48_village,0.09375965402315699
-0.006037534,-0.007349992,0.0018753444,-0.006177162,0.004066969,-5.067177e-05,0.00065142935,-0.0035817027,0.0,A48_34,area_48_village,0.07692206442838079
-0.01175356,-0.017687283,0.0005041281,-0.0019116214,-0.0020350942,0.0027488903,-0.00083470705,0.008732012,0.0,A48_36,area_48_village,0.07074878997835599
-0.008474513,-0.014119324,-4.7124064e-05,0.006216653,-0.0012972625,0.00064330327,0.00020537419,0.007464239,0.0,A48_37,area_48_village,0.08261205022809179
-0.010944661,-0.0113748545,-0.00046325268,-0.013190359,0.00013327606,-0.0022890193,0.00041964304,0.008744735,0.0,A48_38,area_48_village,0.06595580799733859
-0.014093212,-0.019129016,-0.0017379428,-0.012027612,-0.00091457734,0.0024617037,0.0007503783,0.0062293615,0.0,A48_39,area_48_village,0.061885791991374166
-0.010528152,-0.017935283,-0.00030751867,-0.0094535425,0.0014526623,0.0030318394,-0.0006969879,0.0019388908,0.0,A48_40,area_48_village,0.06450031294643364
-0.004790828,-0.011896954,0.0022149503,-0.009963066,-0.0009771285,-0.0018397319,-0.0009316603,-0.0006049054,0.0,A48_41,area_48_village,0.06508603505701127
-0.0107023865,-0.008703833,1.6921324e-05,-0.007689498,0.0022336221,-0.0012282024,-0.0006236598,0.010060852,0.0,A48_42,area_48_village,0.0753107803256115
-0.01111724,-0.015238499,-0.0010870473,0.0020483166,0.0027214922,0.0016830016,0.000536311,0.012578858,0.0,A48_43,area_48_village,0.08302408830988697
-0.010525666,-0.0177813,0.0010340869,0.017855909,0.003927376,-0.0017830335,0.0002496852,0.011240421,0.0,A48_44,area_48_village,0.09281486938648541
-0.009241742,-0.013651698,0.0005909197,-0.0119677195,0.0008857309,9.4725336e-05,0.00048066466,-0.0029933692,0.0,A48_48,area_48_village,0.06084988687798745
-0.010202056,-0.015049117,0.00080754457,-0.011021805,0.0002615116,0.00030551085,0.0002804249,1.3356385e-05,0.0,A48_49,area_48_village,0.06258785438620115
-0.010554633,-0.016568238,0.003325728,-0.010790704,0.0031786158,-0.0007277289,0.00033188492,0.0064595877,0.0,A48_50,area_48_village,0.06760738278108246
-0.0049628196,-0.009465857,0.0022536474,-0.0053440747,0.0016587334,-0.0012999426,-0.0019693885,0.0075194845,0.0,A48_51,area_48_village,0.07852754130178265
-0.0061822254,-0.014492508,0.00015927825,-0.008451697,-0.0020260026,0.0021692084,-0.0003732404,0.00018992372,0.0,A48_52,area_48_village,0.06803551554227939
-0.0072572352,-0.01325813,0.00045638205,-0.0125447465,-0.0010251367,0.0010838298,-0.0020638513,0.011126028,0.0,A48_53,area_48_village,0.06982887770698426
-0.00990827,-0.012008509,1.1813288e-05,-0.01425915,0.0013903253,0.0012334074,-0.00043340583,0.009556745,0.0,A48_54,area_48_village,0.0675182162963016
-0.011870577,-0.015985511,-0.0012011821,-0.0076576583,-0.001494824,-0.00016193981,-0.0006857451,0.0005325116,0.0,A48_60,area_48_village,0.062242597644133
-0.009710841,-0.019093629,0.00055240066,-0.009407912,-0.0016382973,0.00083917874,0.0003644286,0.0016553764,0.0,A48_61,area_48_village,0.060229515261061774
-0.010513867,-0.0143207135,-0.0003131929,-0.008395473,-0.0015218931,0.002230953,0.000836108,-0.0013041912,0.0,A48_62,area_48_village,0.06181452830774162
-0.009523194,-0.016223364,-0.0007269047,-0.008875052,0.00070396706,0.0025759467,-0.00046122863,-0.0005499376,0.0,A48_63,area_48_village,0.06545679353959168
-0.010782254,-0.012656445,-0.0012326969,-0.0077561378,0.00049362914,-0.00068517507,0.0012875787,0.012755826,0.0,A48_64,area_48_village,0.07620510779135319
-0.0055565326,-0.010923766,0.0005915938,0.00014753682,0.0018570321,0.00071570434,-0.00288456,-0.0014277725,0.0,A48_72,area_48_village,0.07420499741592518
-0.0071592564,-0.013667887,0.00030126283,-0.00160223,-0.0022112685,-0.0010205864,-0.00038064618,-0.00076089095,0.0,A48_73,area_48_village,0.06817133935306574
-0.008878216,-0.0124159595,0.00060907035,-0.008102816,-0.0013907785,-0.00017853345,0.0015421899,0.00832525,0.0,A48_74,area_48_village,0.0722406517635537
-0.0060892836,-0.008386833,-0.00033255393,-0.012698459,0.00095050246,-0.0007178669,-0.0023218736,-0.0058078705,0.0,WPW_20,wapewape_village,0.058713821028029994
-0.0059103053,-0.0073263184,0.00117692,-0.00034861383,0.0009664423,0.00010890585,-0.0009760469,-0.0007737073,0.0,WPW_21,wapewape_village,0.07997630916498212
-0.012992075,-0.01383415,-0.0020193371,-0.01257247,-0.00085069856,0.0033087707,-0.001073028,0.006853843,0.0,WPW_29,wapewape_village,0.06508977572236944
-0.009830722,-0.0147776455,0.0008847572,-0.008459833,-0.0012907786,-0.0005637712,-0.0010949145,-0.0016648257,0.0,WPW_30,wapewape_village,0.06276678078679769
-0.009447442,-0.013610813,-0.0017634092,-0.0034234214,-0.0013050261,-0.00029818798,-0.00082191045,-0.002082335,0.0,WPW_31,wapewape_village,0.0643718375835927
-0.0039798194,-0.0088298395,0.0018708428,-0.0069815572,0.0025640226,0.0005140117,0.00089849817,-0.003394767,0.0,WPW_41,wapewape_village,0.07314219666841415
-0.0049911374,-0.008674606,0.00093041256,-0.010150671,-5.53119e-05,0.0008041225,-0.002560878,0.0001577228,0.0,WPW_42,wapewape_village,0.07111171644924545
-0.0036218853,-0.010592151,0.0006875908,-0.010877543,0.0033038254,0.0006332027,-0.0007982491,-0.000806505,0.0,WPW_43,wapewape_village,0.07058272742308974
-0.0070012286,-0.009263113,0.0011651824,-0.011420691,-0.00081606273,-0.0022256149,-0.00064101454,-0.0009780957,0.0,WPW_44,wapewape_village,0.06659696366053557
-0.005367097,-0.008962702,0.0004860198,-0.012241547,0.00010976761,-0.0020426873,-0.00012750321,0.010826443,0.0,WPW_45,wapewape_village,0.07406488693013684
-0.005119878,-0.007603488,0.0010574978,0.011929926,-0.0010521734,0.001864773,-0.0005887633,-0.0062190127,0.0,WPW_51,wapewape_village,0.08340409592860272
-0.009478994,-0.009997909,0.0011869001,-0.002953439,0.0039381785,-0.003906571,0.0033042682,0.010765179,0.0,WPW_52,wapewape_village,0.08283141909294232
-0.011279731,-0.012627202,0.0011365458,-0.0009937077,0.0046102065,-0.0011528637,-0.0044298456,0.009146035,0.0,WPW_53,wapewape_village,0.07900037508767455
-0.010889593,-0.013058816,4.1189167e-05,-0.0048567415,-0.00093409565,0.00010352985,-0.004282174,-0.0030267497,0.0,WPW_54,wapewape_village,0.059594935851316234
-0.0063100974,-0.010495724,0.00031352654,0.017855937,0.00265421,-9.337363e-05,0.00018306913,-0.0023308622,0.0,WPW_62,wapewape_village,0.0860524622149854
-0.009770202,-0.013791019,-0.0025612996,0.003525128,0.0015342095,0.0004344157,0.0086014895,-0.0047988677,0.0,WPW_63,wapewape_village,0.07470088972792553
-0.004838786,-0.011467359,0.00011004807,-0.0024958134,-0.0011075587,-0.0012375219,0.0011924718,-0.0030360515,0.0,WPW_64,wapewape_village,0.07101131098156638
-0.006562939,-0.012450559,0.00047600985,-0.0086419685,-4.3229684e-05,0.00214158,-0.0026376292,-0.0017814323,0.0,WPW_65,wapewape_village,0.0646688366888119
-0.008419659,-0.010075638,0.0008251264,-0.009870377,0.00056792283,0.00012667588,-0.0018487794,0.0030348643,0.0,WPW_66,wapewape_village,0.06861059784638064
-0.007494156,-0.008129876,-0.0017746554,-0.0108735105,-0.001080842,-0.00070205773,-0.0006111525,0.008252874,0.0,WPW_67,wapewape_village,0.07376011767487296
-0.004873619,0.0004781923,0.00063891243,-0.009191589,0.0014262805,-0.00026265183,-0.002393103,0.011600106,0.0,WPW_68,wapewape_village,0.08580248585446655
-0.011382603,-0.018441556,-0.0011135893,0.004545975,-0.0008320234,-0.0010348263,0.0010979681,0.007926312,0.0,WPW_72,wapewape_village,0.07760757395724138
-0.0062340437,-0.011367337,0.00034876552,0.009311986,-0.0010916108,9.272061e-05,-0.00086152856,-0.00475064,0.0,WPW_73,wapewape_village,0.07826396871789466
-0.00702212,-0.006573751,0.00089133764,-0.0018946696,0.0043730712,0.00019590459,-0.0013437491,-0.004015319,0.0,WPW_74,wapewape_village,0.07581018222172038
-0.01284474,-0.014255988,-0.0024981082,-0.006458713,-0.0002765386,-0.0001759202,-0.00080322614,0.00967428,0.0,WPW_75,wapewape_village,0.07213354157989439
-0.01090575,-0.009230975,-0.0005262988,-0.0009758105,-0.0012693395,0.0021324456,-0.00072040246,0.013698478,0.0,WPW_76,wapewape_village,0.08297551921215195
-0.00802078,-0.014910224,0.000609369,-0.011597074,-0.0005317412,0.0003976248,-0.0012672993,-0.005902495,0.0,WPW_77,wapewape_village,0.054433387653826125
-0.0029853375,-0.010284061,6.920546e-05,-0.009828324,-0.00064366014,0.00032504863,-0.0019308343,-0.0064105825,0.0,WPW_83,wapewape_village,0.061812955025611994
-0.008142638,-0.011173707,0.0008029473,0.0027264566,-0.0009902132,0.001221695,-0.00068254326,-0.0033296042,0.0,WPW_84,wapewape_village,0.07499248104008764
-0.0073966603,-0.008953794,0.0008113801,0.012544745,0.0036569787,-8.970314e-05,0.0013654951,-0.0010708312,0.0,WPW_85,wapewape_village,0.08861518553642199
-0.0043460336,-0.009674521,-0.00051937555,0.005289393,-0.0029324447,-0.0014176355,-0.0023390905,0.0026140735,0.0,WPW_86,wapewape_village,0.0816858622465755
-0.003694746,-0.0064155445,0.0008329293,0.006645923,0.0017269783,-0.0010644998,-0.0025883734,-0.00010487887,0.0,WPW_87,wapewape_village,0.08773042115177393
-0.00965296,-0.01116545,-0.00029873627,-0.0071302056,-0.001471686,-0.00047424634,-0.0015018346,-0.0016384008,0.0,WPW_88,wapewape_village,0.06806556962881007
-0.005660969,-0.009644573,0.00032018212,-0.005505882,0.004852488,0.0006054946,0.00016945912,0.0023989836,0.0,WPW_89,wapewape_village,0.07883728309029535
-0.0051533473,-0.007491567,-0.00037451484,-0.004471889,-0.0005882322,-2.603991e-05,0.00025297224,-4.8698836e-05,0.0,WPW_94,wapewape_village,0.07568097133939285
-0.012838204,-0.018120203,-0.0014550817,-0.0057198866,-0.0037831902,0.002491839,0.003523908,0.0011471114,0.0,WPW_95,wapewape_village,0.06421187430272468
-0.009722058,-0.014364252,-0.0007645517,-0.010760309,-0.0016356909,0.0017387653,0.0008378121,-0.006770732,0.0,WPW_96,wapewape_village,0.05559824503967555
-0.008248243,-0.014389721,0.0005695424,-0.0092605455,-0.0014620489,-0.0007196875,-0.0018989587,-0.002689791,0.0,WPW_97,wapewape_village,0.061211305498044266
-0.009176888,-0.017048474,-0.0012869737,-0.00824203,-0.0016495355,0.002508396,0.0023711845,0.000971821,0.0,WPW_98,wapewape_village,0.062040790566548376
-0.009288761,-0.012985317,0.0011380987,0.006518434,-0.00056832685,-0.00041302235,-0.000112213245,0.01013422,0.0,WPW_99,wapewape_village,0.08444172900284456
-0.0057513793,-0.011790407,0.0010620832,0.0073357946,0.0032773272,-0.0012546729,-0.00069868704,-0.0042290585,0.0,WPW_100,wapewape_village,0.0789248904133521
-0.007547392,-0.011518381,0.00019208941,-0.00075617054,0.0015598348,0.00064666837,-0.0002750206,-0.0027736751,0.0,WPW_104,wapewape_village,0.07215523401234042
-0.005805143,-0.010154751,0.000683754,-0.00026354924,0.0018172906,0.000111639936,-0.0024437485,-0.0029659602,0.0,WPW_105,wapewape_village,0.075202386872734
-0.006606955,-0.009769599,-0.0003541874,-0.009631508,-0.0012715425,-0.000577013,-0.00075653184,-0.0015112512,0.0,WPW_106,wapewape_village,0.06774973759428234
-0.0068424717,-0.008765938,0.00072926166,-0.009375637,0.00016524241,0.0053829947,-0.0017500942,3.655238e-05,0.0,WPW_107,wapewape_village,0.06951768357445076
-0.0063374517,-0.007826861,0.00081370946,-0.0063018184,0.0011674254,0.0007455735,0.00031846194,-0.0019997829,0.0,WPW_108,wapewape_village,0.07225678183252061
-0.0069464426,-0.009526623,0.0021232967,0.01036958,0.0015151085,0.0021537757,-1.5054586e-05,0.0016960695,0.0,WPW_109,wapewape_village,0.08792241921710288
-0.0060355407,-0.007981315,0.0026317243,0.00044148977,0.0014340956,0.0007753903,0.002973407,-6.5070315e-05,0.0,WPW_110,wapewape_village,0.08354350605814721
-0.0049219173,-0.004549294,0.002141816,-0.0016007358,0.001004852,-0.0032552122,-0.0008105539,0.0122431535,0.0,WPW_111,wapewape_village,0.092173078141625
-0.006172427,-0.004525947,-0.00144934,-0.0057763895,-0.0015240592,-0.0048013614,-0.0062006004,-0.00616545,0.0,WPW_115,wapewape_village,0.06729281868589887
-0.0076072654,-0.010317041,0.00047264536,0.008732494,0.0025187207,0.0015233876,-0.00073721097,0.00025073875,0.0,WPW_116,wapewape_village,0.08724129561273108
-0.009503906,-0.012891156,-3.1072537e-05,-0.004502196,-0.00045740907,0.0006332637,-0.00088760455,0.003080128,0.0,WPW_117,wapewape_village,0.07052606898468183
-0.01011755,-0.013586732,-0.0010116503,-0.0069603147,-0.0018582486,0.0010166832,-0.00019074665,-0.002744935,0.0,WPW_118,wapewape_village,0.062014631367557284
-0.008429422,-0.012765341,9.808653e-05,-0.0039064526,-0.0015389804,0.0010483385,-0.0001697725,-0.00068813714,0.0,WPW_119,wapewape_village,0.06819098042944305
-0.011952987,-0.011246478,-0.00034378952,-0.0141400015,0.0018592536,-0.00018596108,0.00029096313,0.008610889,0.0,WPW_120,wapewape_village,0.0676651251489495
-0.00964196,-0.0134798,0.00018087037,-0.0025979085,0.0011915377,0.0014117686,-0.00031113625,-0.00094776804,0.0,WPW_121,wapewape_village,0.0678059379520549
-0.0074538486,-0.009709477,0.00198937,0.010047219,0.002630218,-0.0013042991,0.0019551257,0.009997426,0.0,WPW_122,wapewape_village,0.09118350573483981
-0.0069324723,-0.01092583,0.00057371357,0.00764705,0.00010667997,0.0006706973,0.00027152087,-0.003577618,0.0,WPW_123,wapewape_village,0.07790966811213339
-0.0031795425,-0.010669992,-0.000118870645,-0.003405239,-0.0012675208,-0.0017793728,-0.0024174377,-0.007067995,0.0,WPW_125,wapewape_village,0.06628846275984494
-0.007893408,-0.016023304,-0.0008318463,-0.0081900945,-0.0010603816,0.003586079,6.9524074e-05,-0.0034342047,0.0,WPW_126,wapewape_village,0.06239110929459404
-0.00858784,-0.010915826,0.0029518357,-0.0017830591,0.00033285742,-0.0009135001,0.0020288748,0.000710692,0.0,WPW_127,wapewape_village,0.074454619309397
-0.0025802683,0.008168827,0.0039545833,0.013390887,0.0023876645,0.0027277898,-0.002077342,0.0013697972,0.0,WPW_128,wapewape_village,0.11027103451670224
-0.0034183783,0.0012139351,7.993194e-05,0.006420506,0.0029923304,0.00026699447,0.00021173382,-0.0024473835,0.0,WPW_129,wapewape_village,0.09699958819575553
-0.0076559936,-0.008508119,0.00074596197,-0.007428615,0.00026429837,0.001354285,0.0011308967,0.0014398338,0.0,WPW_130,wapewape_village,0.07253335950044139
-0.00777474,-0.01004348,-0.0014632744,0.0074582077,-0.0027739261,0.0020446281,0.0010822813,-0.0016021238,0.0,WPW_131,wapewape_village,0.0814062863202215
-0.007192327,-0.0140471365,0.0017637858,0.005761652,-0.0025553026,0.0006500751,0.0027861693,-0.0024067035,0.0,WPW_132,wapewape_village,0.07939577095488425
-0.013041335,-0.007877757,-0.0017912553,-0.0074240407,0.0017437504,0.002261078,-0.00033297608,0.010344213,0.0,WPW_138,wapewape_village,0.07922444503534601
-0.004680498,-0.005279514,0.0008870284,0.0011632298,-0.0009388654,0.00038085735,-0.000238517,-0.0024489856,0.0,WPW_139,wapewape_village,0.07913824891233795
-0.0069368808,-0.009059097,0.00027763238,-0.008445223,0.0023059712,0.0020113797,-0.0010571508,-0.002278487,0.0,WPW_140,wapewape_village,0.06714748017618997
-0.007803805,-0.008652768,-0.0012364566,-0.0058695236,0.003228539,0.00034907894,-0.0011337125,-0.0006642065,0.0,WPW_141,wapewape_village,0.06985367911364386
-0.00972104,-0.010549649,-0.00023942186,-0.0075219735,-0.0004273747,-4.0760904e-05,0.0031897149,-0.00071974867,0.0,WPW_142,wapewape_village,0.0701894895948428
-0.008603358,-0.012204308,0.001661119,0.0007883877,-0.0020092116,0.0028786142,-0.0006727241,0.004012943,0.0,WPW_143,wapewape_village,0.0789631637876967
-0.01121215,-0.015490602,-0.0003033024,-0.0040584737,-0.0010305567,0.000698784,-0.0023379568,0.0011521362,0.0,WPW_144,wapewape_village,0.06784527904530659
-0.009365119,-0.015024296,-0.0006194303,-0.004620634,0.0018957695,0.00039798714,-0.0033847673,0.0006201863,0.0,WPW_145,wapewape_village,0.06611989154224053
-0.003766837,-0.010449288,0.0022135272,-0.0008587553,0.004135877,-5.648654e-05,-0.001978078,-0.0032701155,0.0,WPW_146,wapewape_village,0.07657593703589616
-0.0055736233,-0.006489927,0.0030638156,0.0076293554,0.0030322152,-9.9963705e-05,-0.0029707616,-0.0034299488,0.0,WPW_147,wapewape_village,0.0850356070891084
-0.00936827,-0.015174092,-0.0014206779,0.003642081,1.9405536e-05,-0.0008443374,-0.0002412039,0.00052043673,0.0,WPW_148,wapewape_village,0.0723786842082914
-0.007426546,-0.013580246,0.0009247343,-0.007029459,0.0043083574,-0.00017644666,-0.0013010298,0.0035042006,0.0,WPW_149,wapewape_village,0.07024065395858171
-0.0062206127,-0.0097992215,0.0014223123,-0.009715777,0.0029383763,0.0009852401,-0.001351469,-0.00030084347,0.0,WPW_150,wapewape_village,0.06961943667325693
-0.006027246,-0.005577525,0.0007822947,-0.0050667836,0.0024706197,0.00078147155,0.0011207786,-0.0020131243,0.0,WPW_151,wapewape_village,0.078478541763311
-0.001958788,0.003452192,0.002470595,0.010090424,-0.00060076144,-0.00017134621,-0.0009838194,-0.00670762,0.0,WPW_152,wapewape_village,0.09994110146628699
-0.008665135,-0.010740857,0.002574304,0.012577478,-0.0029434583,0.0029063937,-0.0013443584,0.0051012887,0.0,WPW_153,wapewape_village,0.08984091803465578
-0.0047604796,-0.0072554303,0.0004149226,-0.007108285,-0.0013459577,0.0005316768,0.0011796596,-0.0026955479,0.0,WPW_162,wapewape_village,0.07124152676297908
-0.008327793,-0.012533225,-0.0004163129,-0.010920499,0.001335494,0.002950841,-0.0017966495,-0.0011794925,0.0,WPW_163,wapewape_village,0.0645823791173284
-0.009284389,-0.009782472,-0.0013000831,2.4850391e-05,0.001883551,0.00031200633,-0.0008015026,0.00087059406,0.0,WPW_164,wapewape_village,0.0744264105689844
-0.0038734071,-0.01024415,0.00087041786,0.008120629,0.0008896988,0.002053789,-0.0019988606,0.000448472,0.0,WPW_165,wapewape_village,0.08174401980640844
-0.0068168007,-0.011700182,0.0020342679,0.003758238,-0.0015234252,0.00029660645,-0.0007416156,-0.0021412333,0.0,WPW_166,wapewape_village,0.07469834225095588
-0.012247088,-0.019424817,0.00076556246,-0.010322981,-0.0038351668,-0.0008860627,-0.0025746669,0.0035307612,0.0,WPW_167,wapewape_village,0.06108999142391308
-0.00700631,-0.015371477,0.001110485,0.0046488857,0.00033503622,0.00045567358,-0.001683735,-0.0017306276,0.0,WPW_170,wapewape_village,0.0744293624646656
-0.011615999,-0.012959664,-0.0009085745,-0.006884913,0.00055274676,-0.000721375,-0.0013819208,0.00018349173,0.0,WPW_171,wapewape_village,0.06486344734145762
-0.0074719936,-0.0148184765,0.000682205,-0.004230572,-0.0013750271,-0.0012799106,-0.000734232,0.0011705307,0.0,WPW_172,wapewape_village,0.06709329228215392
-0.008201283,-0.010034235,-0.0011478079,-0.002961324,0.0018651773,0.0008036296,-0.0015205207,6.0003636e-05,0.0,WPW_173,wapewape_village,0.07316769767198461
-0.0048012016,-0.006719603,-0.0006575674,-0.002073155,-0.002432566,-0.0005626216,-8.2136816e-05,-0.00037382744,0.0,WPW_174,wapewape_village,0.07635689432330975
-0.0068859374,-0.0076771323,0.0033832295,0.006133771,0.0044853534,0.002481294,-0.00014777762,0.0018937413,0.0,WPW_175,wapewape_village,0.09183766627338612
-0.009765887,-0.010418597,-0.0017002939,-0.0053502573,-0.001698929,-0.0009684586,-0.0065286444,0.005708838,0.0,WPW_194,wapewape_village,0.07367040765405795
-0.0066353125,-0.010343289,0.00081027724,-0.0036479365,-0.0012364648,-9.3377e-05,-0.00072881783,-0.0006797593,0.0,WPW_195,wapewape_village,0.0711745053515449
-0.007915982,-0.011715083,1.6820508e-05,-0.0010763102,0.0016510806,-0.0012376932,0.0027856193,0.0018665472,0.0,WPW_196,wapewape_village,0.07686554755716382
-0.008262677,-0.011882023,-0.00052434584,0.004459607,-0.0013333398,-0.0021497975,-0.004203706,0.006093857,0.0,WPW_218,wapewape_village,0.08265781049336066
-0.00012647174,0.013239375,-0.0035695147,-0.0020429958,0.0019225414,-0.0044714794,-0.0037466814,0.014541157,0.0,SVL_2,Sisal_village,0.10867464609813336
-0.00090750336,0.01442948,-0.0039449325,0.008199761,0.0023867853,-0.0036256625,0.0064841616,0.018423274,0.0,SVL_3,Sisal_village,0.1180935835508371
0.008494181,0.01310668,-0.0020918248,0.010300037,0.005744758,0.00075544254,0.009819218,0.019970207,0.0,SVL_16,Sisal_village,0.14379394967090484
0.011757509,0.012231991,-0.0035349121,0.005805318,-0.0010842711,0.0017669803,0.0028016751,0.01288155,0.0,SVL_17,Sisal_village,0.12823936078425033
0.006347795,0.008541416,-0.007840052,-0.0061382963,0.00049325934,-0.0006876682,-0.0051442785,0.009208181,0.0,SVL_18,Sisal_village,0.10623248423680039
0.006057034,0.008284056,-0.006906818,0.0016663747,0.0015251014,-0.0007812205,-0.0053069135,0.011007896,0.0,SVL_19,Sisal_village,0.11367106068458371
0.006781445,0.005833698,-0.0021823698,-0.00011882358,-0.0032306393,-0.00046776512,0.0011928526,0.016273146,0.0,SVL_20,Sisal_village,0.11513566824954069
-0.0020910325,0.0057590525,-0.00016943633,0.006532333,0.00058788824,-0.00015718205,-0.004310271,0.013992464,0.0,SVL_21,Sisal_village,0.11002599972170397
0.00031382983,0.021612208,-0.0024906455,0.016405756,-0.004072358,0.00017341101,0.00016820716,0.01607549,0.0,SVL_32,Sisal_village,0.1458234307334269
0.0100872535,0.019011104,-0.007456718,0.0068331244,-0.0011050111,0.001904943,0.0014024654,0.018555118,0.0,SVL_33,Sisal_village,0.13338407181804265
-0.0033566742,-0.002334974,-0.0054766177,0.014352333,-0.0011253632,0.0019222252,0.00014762914,0.014973401,0.0,SVL_34,Sisal_village,0.10940052667001608
0.011353867,0.021720415,-0.0031348877,0.012121603,-0.0005747683,0.0028881433,0.0070219855,0.019609526,0.0,SVL_35,Sisal_village,0.14318589087207836
0.0089756595,0.011594528,-0.0037988713,-0.003405581,-0.0007749233,0.0051144734,-0.0026961933,0.011722652,0.0,SVL_36,Sisal_village,0.12409198071515015
0.009428033,0.021076536,-0.002072272,0.0053168787,-0.0017602871,0.0027709077,0.003277877,0.011837001,0.0,SVL_37,Sisal_village,0.1352351160638464
-0.0010389865,0.002963205,0.004238818,0.004796717,0.00025252107,-0.00021998846,-0.0026426897,0.011484699,0.0,SVL_38,Sisal_village,0.10980368120815638
0.0041582338,-0.011465902,-0.003940073,0.011263804,-0.0024803537,0.0002646715,0.0017541233,0.011174278,0.0,SVL_49,Sisal_village,0.10885794538851805
0.0026870503,-0.013089156,0.0077624493,0.006433955,0.0036667658,0.0028602458,0.0014036405,0.015453136,0.0,SVL_50,Sisal_village,0.10333517474835015
0.007883481,-0.014209831,-0.000421124,0.0026510276,3.0616044e-05,-0.0011244721,-0.00034031982,0.013498598,0.0,SVL_51,Sisal_village,0.10101032568803125
0.015446586,0.01911644,0.0009123813,0.0014217381,-0.001190936,0.0011947086,-0.015440195,0.005109273,0.0,SVL_52,Sisal_village,0.11918071493715905
0.021977467,0.042974923,0.0031417648,0.004706027,-0.003170481,-0.0008300474,-0.0028580092,0.012256858,0.0,SVL_53,Sisal_village,0.14735429451376206
0.022648666,0.03560894,0.004393048,-0.0021903843,0.0029194371,0.00076618633,0.0062521617,0.011441208,0.0,SVL_54,Sisal_village,0.1582345484315394
0.0004854623,0.004245941,-0.0022117791,0.003272671,-0.0011458611,-0.0023855225,-0.009725986,0.008983596,0.0,SVL_55,Sisal_village,0.10381312058465907
-0.0034701384,-0.009204197,-6.958277e-05,0.0062949,0.0014086231,-0.0047964756,-0.0061910297,0.010192923,0.0,SVL_56,Sisal_village,0.0915485798219724
-0.004515638,-0.0099737905,-0.004794433,0.0042994465,-0.0020635838,-0.00062294916,-0.00034481604,0.0078115305,0.0,SVL_66,Sisal_village,0.09328164687114009
-0.002693032,0.0039259577,-0.005440973,0.0021679318,-0.004654229,0.0016456742,-0.004616812,0.009721699,0.0,SVL_67,Sisal_village,0.10315472471812177
0.016191373,0.011705242,0.0064205034,-0.005901825,0.0064787045,0.0022521077,-0.005030653,0.014405324,0.0,SVL_68,Sisal_village,0.12562887367504774
0.011380451,0.013179832,0.0024750866,-0.00404354,-0.0052963253,0.0014941673,0.0029422923,-0.008166717,0.0,SVL_69,Sisal_village,0.10975203356387848
0.00862061,0.009698177,-0.002217795,-0.0019217045,0.00063126785,-0.0056493767,-0.00010619812,0.0076003415,0.0,SVL_70,Sisal_village,0.11463013482049823
0.008271089,0.018896973,0.0014467823,0.012952104,0.0012148009,0.0006315523,-0.006861245,0.012441414,0.0,SVL_71,Sisal_village,0.13670753822301143
0.009021181,0.0066659953,-0.005178171,0.0016719545,-0.0018723806,-0.00051306863,-0.00029975592,0.013730155,0.0,SVL_72,Sisal_village,0.12050578749430955
-0.0031069412,-0.0074910996,-0.00047079587,0.0031557016,0.0038970958,-0.0006948249,-0.007772193,0.0092901485,0.0,SVL_73,Sisal_village,0.09337460870231501
0.016222708,0.013044208,0.0033756637,-0.0019111654,0.0039851842,-0.0059713544,0.00064519123,0.009691572,0.0,SVL_83,Sisal_village,0.12575151081975192
0.016124686,0.025428372,0.00026675945,-0.002960708,-0.0006294204,0.006384059,0.012435957,0.01863971,0.0,SVL_84,Sisal_village,0.1493951677939568
0.009648789,0.0053980662,-0.00065573555,-0.0043038614,0.00023524121,0.0024962705,0.0046124198,-0.005910074,0.0,SVL_85,Sisal_village,0.10397635921998256
0.008523655,0.019146495,-0.0006723473,0.0037393775,-0.0027137143,-0.006388823,0.0042999433,0.013167488,0.0,SVL_86,Sisal_village,0.12705125627491387
0.005608941,0.0077334647,-0.0033341013,0.0035602301,0.00076101115,-0.0075119426,0.007134271,0.015959581,0.0,SVL_87,Sisal_village,0.12339226038441396
0.0145799685,0.011918794,-0.004332396,0.0006576963,0.0025929501,-0.00020264508,0.0076379594,0.017014671,0.0,SVL_88,Sisal_village,0.12935517085848397
-0.00405613,-0.009941319,0.0014324775,-0.0070271594,0.00063884555,4.2967367e-05,0.0036687038,0.0133470595,0.0,SVL_89,Sisal_village,0.08747260558021759
-0.0069045583,-0.012936697,0.00032444132,-0.0034463017,0.0023527283,-0.001383557,-0.0018840934,0.010944859,0.0,SVL_90,Sisal_village,0.08074117261835952
-0.0034546482,-0.009791426,0.0008976988,-0.00048405828,-0.0024615568,-0.0008565679,-0.0048968755,0.011324465,0.0,SVL_91,Sisal_village,0.08717967327004549
0.013315741,0.008055723,0.01921781,0.0035102002,-0.0046531875,0.0034820526,-0.0020090505,0.01914339,0.0,SVL_100,Sisal_village,0.13276957845717216
0.01927553,0.017964669,-0.0022613187,-0.0044320985,-0.0015274358,-0.004554609,0.0135337375,0.0131184375,0.0,SVL_101,Sisal_village,0.13434277741749118
0.00436372,0.005923719,-0.00017457172,-0.0010187529,0.0018391084,-0.0017372576,0.0025780438,-0.0042478503,0.0,SVL_102,Sisal_village,0.10434789318546212
0.013050462,-0.0018728089,-0.0002551299,-0.0068360097,0.00073636085,-0.0009773133,-0.0058099744,0.010029835,0.0,SVL_103,Sisal_village,0.1042652190900747
-0.008380537,-0.013803218,-5.817652e-06,-0.0074690566,-0.00047211154,-0.0015894365,-0.002978191,0.009583162,0.0,SVL_104,Sisal_village,0.0741501108896682
-0.013768673,-0.016227873,-0.0009742049,-0.013084242,0.0001672309,0.004985576,0.0036103302,0.0072427355,0.0,SVL_105,Sisal_village,0.06525500583151712
-0.0123461485,-0.016376348,0.0003737189,-0.013581032,-0.00032853827,0.004556084,-0.0004591343,0.0073089385,0.0,SVL_106,Sisal_village,0.06522956457610064
-0.010385275,-0.01265891,-0.0014412358,-0.00545433,-0.0007896307,0.002439903,-0.00019930842,0.012819551,0.0,SVL_107,Sisal_village,0.0787320268128879
-0.0061781444,-0.012393942,0.0019808433,-0.0047990372,-0.0007969912,2.0118236e-05,-0.0041156216,-0.0005122038,0.0,SVL_108,Sisal_village,0.07000270041795988
-0.0049753874,-0.011276335,-0.0018583814,-0.007729288,0.0017362554,-0.00040049627,0.0014668106,-0.0013568905,0.0,SVL_117,Sisal_village,0.07459595350586208
-0.004182409,-0.009766813,0.0006065311,-0.006400583,-0.0006432187,-0.000828378,0.0015600899,-0.0035659273,0.0,SVL_118,Sisal_village,0.07305851839390852
-0.007269418,-0.014883467,-0.00085379655,-0.008120257,-0.0012687574,0.0023807618,0.0006312082,-0.004483996,0.0,SVL_119,Sisal_village,0.0628084854221484
-0.009596584,-0.012959873,-0.00091425603,-0.010476777,0.00063857075,0.0031817867,-0.0025945627,-0.0005443824,0.0,SVL_120,Sisal_village,0.06336945800816432
-0.008605669,-0.012853908,-0.00040583097,-0.0077517023,-0.0005732965,0.0034990888,-0.0020002793,-0.00034896247,0.0,SVL_121,Sisal_village,0.06348319189308523
-0.008691515,-0.015301611,0.00064482697,-0.010033379,-2.0343155e-05,-0.00027204741,-0.00089879945,-0.0006510541,0.0,SVL_122,Sisal_village,0.060920314997328584
-0.009627568,-0.014189638,-0.00053710403,-0.009276345,0.0028095632,0.0017634083,-0.0022797927,-0.00039060338,0.0,SVL_123,Sisal_village,0.06395360603972317
-0.009435447,-0.017365549,0.00016652548,-0.008674774,-0.002843974,0.0027611319,-0.0024060863,0.0015346747,0.0,SVL_124,Sisal_village,0.06078433230619181
-0.0024370097,0.011184629,0.0026164239,0.001354857,0.00028822978,-0.0024220692,0.0044329297,0.014065862,0.0,SVL_125,Sisal_village,0.11942660686245643
-0.01370212,-0.013377089,-0.0023013651,-0.0037219392,0.0020374465,0.0001137611,-0.0010348841,0.009729259,0.0,SVL_133,Sisal_village,0.07419011606734134
-0.006787241,-0.01584977,0.0025194916,-0.012659452,0.0022085605,-0.00030084094,0.0013391799,0.010479303,0.0,SVL_134,Sisal_village,0.07469466045125918
-0.0098109385,-0.014686351,-0.0014849545,-0.009127681,-0.0006265443,0.00042230528,0.0002953685,-0.0029158602,0.0,SVL_135,Sisal_village,0.062364878716923165
-0.008459396,-0.015443852,0.00023780782,-0.009327681,0.003051985,-0.0011002261,-0.0002807657,-0.00033160247,0.0,SVL_136,Sisal_village,0.0630916619066786
-0.010044064,-0.015536643,-9.091509e-05,-0.00836049,-0.00011845932,0.00034652086,0.00031265826,-0.0010652554,0.0,SVL_137,Sisal_village,0.06226928612938883
-0.008620366,-0.012253098,0.00082214404,-0.010717677,-0.0006553199,-0.00058480795,0.0004196487,-0.0016083546,0.0,SVL_138,Sisal_village,0.06361091742743766
-0.015855767,-0.018440982,-0.003430693,-0.012593217,0.0005943357,0.0031905307,0.00027409353,0.007305373,0.0,SVL_139,Sisal_village,0.06284440459138961
-0.011923401,-0.0145807825,-0.0016034166,-0.008620969,0.00033903663,0.0030962757,0.00034573398,0.007076351,0.0,SVL_140,Sisal_village,0.06735755861317977
0.0071717687,0.010330748,-0.0017418547,0.002578611,-0.0060946336,-0.00028244956,-0.002884222,0.010251297,0.0,SVL_141,Sisal_village,0.11345042335170451
-0.012644232,-0.018346505,-0.00022083736,-0.0067076166,3.396104e-05,0.0017280438,-0.001015115,0.0024798962,0.0,SVL_149,Sisal_village,0.06419764264362089
-0.007878661,-0.0120395385,-0.0017393316,-0.008418856,0.0011138249,0.0023755697,0.00012824716,-0.0022457135,0.0,SVL_150,Sisal_village,0.06279348277389128
-0.0091534015,-0.013474437,-0.00093837996,-0.009411957,0.0005302519,0.0034242596,-0.0019555688,-0.0015044032,0.0,SVL_151,Sisal_village,0.06327675755881702
-0.01178033,-0.015530372,-0.0006867795,-0.013108644,0.002871807,-0.00053972215,-3.0662664e-05,0.0055712075,0.0,SVL_152,Sisal_village,0.06309050575098098
-0.0070186243,-0.010593454,-0.00041083212,-0.011619284,0.00067815086,-0.00075598096,0.00084180885,0.009072579,0.0,SVL_153,Sisal_village,0.07419030861032082
-0.012596387,-0.016855843,-0.001566528,-0.011526007,-0.0014456912,0.0006525218,0.0013587238,0.008762895,0.0,SVL_154,Sisal_village,0.06579446381515265
-0.011912952,-0.013388175,-0.0022576472,-0.009886386,-0.00014971214,0.0031584068,-0.0007557414,0.006118442,0.0,SVL_155,Sisal_village,0.06783000547529827
-0.0033925234,-0.01453488,0.000934477,-0.013107023,-0.00018758584,-0.00047129492,0.001961985,0.010780553,0.0,SVL_156,Sisal_village,0.07746623526419724
0.011561771,0.022609973,0.004598753,-0.0007794795,0.0009183531,0.0007161526,0.014870474,0.018744865,0.0,SVL_157,Sisal_village,0.1394753693520646
0.010988186,0.015236161,0.017021453,0.0049277213,-0.0015956565,-0.0037199967,-0.007109348,0.0032818823,0.0,SVL_158,Sisal_village,0.1290212653421372
-0.008274539,-0.012584338,0.00075558823,-0.008633823,-0.0012382137,-0.0007511011,-0.0004439795,-0.00038621426,0.0,SVL_165,Sisal_village,0.057087684951558436
-0.008269317,-0.014953196,-0.0013824187,-0.008994108,0.0009456035,0.0022679185,-0.0012443435,-0.00039035815,0.0,SVL_166,Sisal_village,0.06405840876867112
-0.010652429,-0.019903265,-0.0008448315,-0.011030134,0.0007431351,-9.7509226e-05,-0.00017952391,0.00723095,0.0,SVL_167,Sisal_village,0.06139406636964778
-0.013137246,-0.016528692,-0.0025942037,-0.011506388,0.0016337824,-0.0003602017,-0.0032133164,0.00600456,0.0,SVL_168,Sisal_village,0.06295162410422332
-0.0025372272,-0.010231847,-0.0008579405,-0.004437465,0.00058532716,-0.0013506196,-0.0077430583,0.009856766,0.0,SVL_169,Sisal_village,0.08524157896204275
-0.0027734372,-0.011442847,0.0009933022,-0.004262835,0.0013456809,0.0037266505,-0.003979453,0.0127228815,0.0,SVL_170,Sisal_village,0.09334936907544962
-0.0032762121,-0.013352655,0.000584758,-0.011065181,-0.00051095925,0.0047957883,-0.0012600886,0.009859496,0.0,SVL_171,Sisal_village,0.0793625245689689
0.0110969385,-0.009159777,-0.0041814507,-0.0074418765,7.826532e-05,0.0013364562,-0.002696645,0.009193573,0.0,SVL_172,Sisal_village,0.09313780685896271
0.008274214,0.016067298,0.0015304523,-0.0051094103,0.0021336102,-0.0001795534,-0.0049370658,0.016288891,0.0,SVL_173,Sisal_village,0.12440427782627834
0.0012858892,0.0024520953,-0.0008931173,0.008215966,-0.0010947004,-0.0053961035,-0.0042751576,0.009624081,0.0,SVL_174,Sisal_village,0.11575176902659075
-0.0075967135,-0.012072106,0.0004634071,-0.0015741679,0.0026548423,0.0007054243,-0.0023645393,-0.00010983108,0.0,SVL_182,Sisal_village,0.07324751518441358
-0.0036714457,-0.01427244,5.1545314e-05,0.0016187027,0.0017629262,0.00041083567,-0.010894896,0.0077842777,0.0,SVL_183,Sisal_village,0.08189047443479201
0.001243948,-0.007642008,-0.0025778592,-0.0040515605,0.0013373026,0.0044628372,0.0007249008,0.014738243,0.0,SVL_184,Sisal_village,0.10064486501821857
0.003900761,-0.007939885,-0.0026499422,-0.0040975777,0.0023531516,0.011105344,-0.001261703,0.020821877,0.0,SVL_185,Sisal_village,0.10938120194432616
-0.00035979983,-0.005108858,-0.0008220513,0.0043501523,0.00021049271,0.005854573,-8.3650615e-05,0.016152807,0.0,SVL_186,Sisal_village,0.1077254989112492
-0.0025938472,-0.004483573,-0.005537718,-0.015961139,0.010116342,0.0034753853,0.00021571577,0.010486666,0.0,SVL_187,Sisal_village,0.08534934542025317
0.01396969,-0.010939412,0.011243512,-0.0094885435,-0.00016971146,-0.0020708258,4.62571e-05,0.016675744,0.0,SVL_188,Sisal_village,0.09735651765560305
0.01574175,0.0052477433,0.0043111015,-0.011123248,0.0059247664,-0.00019026484,0.013912515,0.01308088,0.0,SVL_189,Sisal_village,0.11489847252614564
0.015287488,0.009868269,-0.0050214576,-0.0008328966,0.0066096256,-0.0012059177,0.012188402,0.013383438,0.0,SVL_190,Sisal_village,0.1326039606732747
0.017295629,0.02278769,0.004003736,0.00018727737,0.0045950115,-0.006507061,-0.0063837734,0.020265685,0.0,SVL_191,Sisal_village,0.13508915650829917
-0.00011393492,0.013537988,0.0010543193,0.01661269,0.0020688167,0.001596293,0.00083779823,0.003812949,0.0,SVL_198,Sisal_village,0.11822097546095238
-0.00249064,0.005222883,-0.0012807423,0.014272352,0.0011142492,0.0006491808,-0.012208988,0.0121692745,0.0,SVL_199,Sisal_village,0.11174179727164267
-0.0044930964,-0.01177,-0.0016232622,-0.011743138,0.0013235932,0.0017073655,-0.005009372,0.0065358765,0.0,SVL_200,Sisal_village,0.07671639221225499
-0.0065499954,-0.011181144,0.0006621434,-0.009303067,0.0022114306,0.00451012,-0.0013849431,0.008374892,0.0,SVL_201,Sisal_village,0.07896902525371764
-0.0054467083,-0.013631002,0.0009706405,-0.012929156,0.0006356294,0.0035389918,0.00087508105,0.011120531,0.0,SVL_202,Sisal_village,0.07746969554234931
-0.0021056412,-0.014022828,-0.0023089463,-0.0126112625,-0.005828089,0.0031984542,-0.004285384,0.008438359,0.0,SVL_203,Sisal_village,0.0760578936627699
0.01572075,-0.013762047,0.016024647,-0.00054207677,-0.010004228,-0.0051477305,0.019287618,0.01849056,0.0,SVL_204,Sisal_village,0.10644071523581415
0.00918688,0.0028763332,0.0040104506,-0.0059616887,-0.0018121222,-0.0043600956,-0.0017022943,0.012441711,0.0,SVL_205,Sisal_village,0.11044178891437002
0.012359924,0.011683789,0.00439877,0.0021698263,-0.0047450876,-0.0061801104,0.013079389,0.014938513,0.0,SVL_206,Sisal_village,0.1305488511965391
-0.003928664,0.0063325036,-0.002336137,0.01047064,0.0011549362,-0.00093591394,-0.0015872922,-0.008778912,0.0,SVL_214,Sisal_village,0.098293263541042
-0.002791546,-0.0010664684,-0.00091049966,0.009305001,-0.00097018026,0.00037235243,-0.002637663,-0.0017409083,0.0,SVL_215,Sisal_village,0.09751097635332708
-0.005029999,-0.011723909,-0.004542259,-0.011040246,-0.0008868949,-0.0027373875,-0.002311705,0.007974932,0.0,SVL_216,Sisal_village,0.07176151863709737
-0.006415619,-0.010385341,0.0013397405,-0.010091426,0.0023896056,0.0011038461,-0.0008116117,0.008871914,0.0,SVL_217,Sisal_village,0.07973491540869383
-0.0034568275,-0.008896095,0.00092911616,-0.010215057,0.0009701555,-0.0016427323,0.0013642709,0.00991804,0.0,SVL_218,Sisal_village,0.08194482361987182
-0.0014865944,-0.015651552,-0.00285364,-0.011070896,0.0010819593,-0.0012854289,0.0028021107,0.008850414,0.0,SVL_219,Sisal_village,0.08073927165412492
0.016073149,-0.003040889,0.022565989,-0.002474961,-0.0017654208,-0.00065701926,0.00554084,0.008838942,0.0,SVL_220,Sisal_village,0.11474925770187588
-0.0038704448,-0.0021096736,-0.0005344943,-0.0044079726,0.00018383974,0.0002921564,0.001959218,-0.003224394,0.0,SVL_231,Sisal_village,0.08067582138589909
-0.0043810476,0.005913915,-0.00052711385,-0.0045235376,-0.0023538193,-0.000541224,0.0026148227,-0.005393701,0.0,SVL_232,Sisal_village,0.0830148336528878
0.016784778,0.021214988,0.02647371,-0.0022041895,-0.0038726449,0.003789683,0.0117488345,0.014688056,0.0,SVL_233,Sisal_village,0.14560888240875236
0.015907839,0.02619953,0.0014340612,0.0010765218,-0.0012976655,-0.0054762433,0.008865861,0.014567022,0.0,SVL_234,Sisal_village,0.13363862323352496
-0.0053218226,-0.006770129,-0.007293678,-0.013997883,0.0036227228,-0.0025735248,-3.708691e-05,0.010216601,0.0,SVL_235,Sisal_village,0.08021351865734742
-0.0035935624,0.01357688,0.00044817766,-0.0031720784,0.0012731181,-0.002721363,0.00470605,-0.011491688,0.0,SVL_248,Sisal_village,0.08926422829038443
0.01671512,0.011302486,-0.007448375,-0.0052737575,-0.0032585904,0.00097563246,0.005590402,0.018604213,0.0,SVL_249,Sisal_village,0.1266849391953714
