zone_id,settlement,ridge_scmi,rf_scmi,xgb_scmi,ensemble_scmi,NDVI,NDBI,MNDWI,Contrast,Entropy,Homogeneity,Correlation,road_density,paved_proportion
MLM_2,Milimani_village,0.06766621115952161,0.06568651874551279,0.06647399,0.06660890686127387,0.0007411940569381036,0.219089945655583,-0.2541928848467691,8988.58518431132,4.3466942827922495,0.0168761611767966,0.258719044101712,0.0,0.0
MLM_3,Milimani_village,0.0684492642468166,0.06395245647908121,0.060795274,0.06439899811923631,0.0028865529271354,0.1866489030634568,-0.2277253033730353,7704.088061491926,4.349485822216938,0.0116857910301181,0.4094902709211073,22041.8638,0.0
MLM_4,Milimani_village,0.06794993515863582,0.06549655472474425,0.06610245,0.06651631415318017,-0.0124891714857034,0.1877543171356078,-0.2054906331001376,8877.577603344786,4.337712917405973,0.0153645804836921,0.3950679109564422,0.0,0.0
MLM_5,Milimani_village,0.07231963080199873,0.06178300410553137,0.0585157,0.06420611211682901,0.0055898664304803,0.2063363060028775,-0.2613732773811333,12546.19823759093,4.351254369532882,0.0160713356259518,0.3222073969793789,0.0,0.0
MLM_6,Milimani_village,0.06959498453325208,0.07134027892571565,0.06411108,0.06834877991811451,-0.0070759710979328,0.2602044337433235,-0.2836836097697368,35908.32983500418,4.353727640205986,0.0067957433752463,0.5428758348149264,0.0,0.0
MLM_7,Milimani_village,0.06928376125986979,0.06637890971663941,0.06234453,0.06600239990373107,-0.0152150490518193,0.2304835967020971,-0.2390245401906434,31952.612434061717,4.346144203240948,0.0137998670492093,0.4996847552164696,590.8409,0.0
MLM_8,Milimani_village,0.05863819720629756,0.061223969175140266,0.058389604,0.0594172568243607,0.003790291216879,0.2092466737566261,-0.2680211012582816,19008.900285837077,4.324307392480444,0.0199688117874503,0.4089204152118285,23304.1883,0.0
MLM_9,Milimani_village,0.06392452276691014,0.06060108368845886,0.06164156,0.062055721820050876,-0.0037532861893726,0.2262187386029451,-0.2592568030778747,15106.193043833518,4.349841173762222,0.0079491836647016,0.5169453488941773,26009.322,0.0
MLM_10,Milimani_village,0.06391777976432035,0.06067810061656773,0.053167343,0.059254407840178845,0.009779886011227,0.2140085576925801,-0.2493709279457739,7159.143872833528,4.33951572183694,0.0096798292314175,0.4827254713568278,13005.2332,0.0
MLM_12,Milimani_village,0.08281650498966067,0.07065546359438049,0.07253332,0.07533509516476934,0.1933947121370297,0.1163720460153167,-0.3499418072149391,47041.19315956064,4.342897966922731,0.0090861426612829,0.7654195218818589,77150.6296,0.0
MLM_13,Milimani_village,0.07352870648679025,0.06199092593524424,0.05632748,0.06394903774827869,0.0159288735982704,0.2001323869652264,-0.2477874463753162,21165.64397843884,4.34840401607106,0.0128824934747716,0.640973579795997,8855.1191,0.0
MLM_14,Milimani_village,0.06873491322188971,0.06303323297523328,0.061680134,0.06448276019431573,-0.0039320452450562,0.2019652484716937,-0.2360198111719951,6464.725920733178,4.342374662800191,0.0218977324524106,0.3866393553475918,0.0,0.0
MLM_15,Milimani_village,0.0659276729149835,0.06350322258483847,0.0625395,0.06399013282604894,-0.0069411502025589,0.2015667556485099,-0.2342671635136947,7024.939511952018,4.340417482393356,0.0218078283636581,0.3767475620584807,9022.1882,0.0
MLM_16,Milimani_village,0.0654018109076613,0.06278585434767306,0.060864586,0.0630174172128129,-0.0100247177681397,0.1979035717418764,-0.2267525257265985,6855.767366851113,4.342483935548903,0.0165440500908317,0.4296391780109309,15685.5965,0.0
MLM_17,Milimani_village,0.06808137916193582,0.059969333987948244,0.062888,0.06364623652834982,-0.0040052134459412,0.2018169607742732,-0.2436623167013306,13549.516648196664,4.352199562808966,0.0116136440792081,0.3767761893557468,21151.9338,0.0
MLM_18,Milimani_village,0.07311780580658864,0.06800296369302238,0.061925113,0.06768196090025079,0.004153486844518,0.2106125961300891,-0.2373492188662632,22497.59015404188,4.353741458929681,0.0055645209120776,0.4451266711080883,2273.4,0.0
MLM_19,Milimani_village,0.08152424712943898,0.07364697654334604,0.07317539,0.0761155389059112,0.0552875010936781,0.1920750999451721,-0.2940196622621006,35436.86021948221,4.351932306562158,0.0065027471697689,0.5806780499765642,975.4522,0.0
MLM_20,Milimani_village,0.08399299896309528,0.07958505168893615,0.07296514,0.0788477294375116,0.0747826083087244,0.1715032797773767,-0.2976891290365973,46209.99337515483,4.347003562385779,0.0061281680269497,0.566012673734413,5361.5435,0.0
MLM_21,Milimani_village,0.07041448784406584,0.07440368381386567,0.06840595,0.07107470674574763,-0.0226419020049193,0.2353410454802033,-0.2367521068721113,34510.93346412656,4.353224054330523,0.0067885011094233,0.4398549388164857,0.0,0.0
MLM_22,Milimani_village,0.0636073618803364,0.06289091903982079,0.06603206,0.06417678013694596,-0.0134188079362302,0.2319256721231029,-0.2527810795202415,15890.183454401753,4.353574428194794,0.0112003316602506,0.5311646748618244,29527.7706,0.0
MLM_24,Milimani_village,0.08025069343350007,0.07197637835438374,0.07048078,0.0742359502004153,0.0419135800661892,0.1441693669971125,-0.2333967017085608,36417.65826569547,4.349066159323855,0.0119516601792382,0.6500907632593234,29081.245,0.0
MLM_25,Milimani_village,0.07171876594659574,0.06092877580387064,0.05495665,0.06253473008307998,0.0038518462246882,0.2001713408795468,-0.2486884703713923,15725.92595230012,4.341731142716753,0.0215863904596434,0.5564433031217498,0.0,0.0
MLM_26,Milimani_village,0.07966726185214769,0.06470290977664948,0.07405152,0.07280723111576641,0.0371571007356799,0.1709123075935756,-0.2586478106755205,17133.005992952647,4.345780194660068,0.019692533685916,0.6399124023657425,0.0,0.0
MLM_27,Milimani_village,0.0745797766871115,0.0629152658818621,0.066394314,0.06796311891295244,0.0243053937585443,0.1883448464559766,-0.261321785503229,14958.6285163692,4.343961736221915,0.0215293669277166,0.4476538826678657,0.0,0.0
MLM_28,Milimani_village,0.0685388580860994,0.062154608255610144,0.064409226,0.06503423084027748,0.0362553286997287,0.2089431021858446,-0.279677451416951,14792.807268264436,4.349522732404756,0.0195072351266641,0.3944203869677607,25923.2079,0.0
MLM_29,Milimani_village,0.07686993027748418,0.07344816279316672,0.07006677,0.07346162182399459,0.0180020423754423,0.2111404488439731,-0.2642229048805591,42170.42362650039,4.351108427653203,0.0118115539845166,0.509341220793504,2114.7356,0.0
MLM_30,Milimani_village,0.09532431005808642,0.09969189066040096,0.10323583,0.0994173446884437,0.1139776931692721,0.157835307922656,-0.3203236600264163,78587.4377592858,4.352936691134779,0.0052402405432042,0.4558067040023689,0.0,0.0
MLM_31,Milimani_village,0.09580854438250581,0.09827243217671795,0.10288933,0.09899010191808211,0.1238246045963015,0.1354372407564611,-0.3213611174726916,54699.73782984829,4.351483682467209,0.0093219375445881,0.530580041234934,0.0,0.0
MLM_32,Milimani_village,0.09193397115676176,0.10103520895651157,0.0994573,0.09747549377090318,0.1670326530016169,0.1627257405477819,-0.3794532186305191,34462.57857634072,4.350748873478403,0.0115764386446954,0.4862550257768206,0.0,0.0
MLM_33,Milimani_village,0.08988054149909075,0.09058149412248948,0.09885269,0.09310490740185869,0.1340796880134576,0.1630129629311139,-0.3306114352685751,31552.382939150542,4.353741458929681,0.0076586567438651,0.4890481137437959,0.0,0.0
MLM_34,Milimani_village,0.07852208063250636,0.0753091042793087,0.073380575,0.07573725316527412,0.0192620907806325,0.1946312029618941,-0.2632830155780981,32250.67388912974,4.353741458929681,0.0071547379464313,0.4527258479386865,0.0,0.0
MLM_36,Milimani_village,0.06852577233591214,0.06730390145383498,0.06537493,0.06706820232431344,0.0842721187759551,0.1681394414273325,-0.2903021850128564,23907.00808492688,4.350120939504496,0.0203697667675004,0.4310473749033416,71789.597,0.0
MLM_37,Milimani_village,0.0774661268136594,0.07361552707515398,0.07169399,0.07425854684769834,0.0567559169097862,0.1742344588180076,-0.2639037144746926,47263.72078075916,4.343413572977078,0.0185484659965072,0.4766397260902539,23009.7157,0.0
MLM_38,Milimani_village,0.09224274741255513,0.08936029108972414,0.09242959,0.09134421056924374,0.0935902017036007,0.1433189501636451,-0.2722092664151218,53525.9266048671,4.349470446662693,0.0092738320635982,0.6452556406119406,0.0,0.0
MLM_39,Milimani_village,0.0783722441173397,0.07558480794196162,0.07379797,0.07591834102316981,0.0242324818261539,0.2042558822368618,-0.2558914749779233,36942.2745449039,4.353741458929681,0.0033178650412739,0.555578710391036,0.0,0.0
MLM_40,Milimani_village,0.09017812056022947,0.09490048502512678,0.098948024,0.09467554326622345,0.0953020553744273,0.1390797709819128,-0.2762406720472769,43827.13389877504,4.349947666093628,0.0069277058938855,0.4231560707212198,0.0,0.0
MLM_41,Milimani_village,0.10755897206816732,0.13002913762288507,0.12514648,0.1209115293685293,0.1478425052453713,0.1187832257456002,-0.3230754963399532,118396.51798972354,4.350034654795614,0.0092190803061732,0.5067224924678522,0.0,0.0
MLM_42,Milimani_village,0.1048479200858814,0.10886451029231381,0.13139957,0.11503733409126486,0.1378221062583329,0.167381861445159,-0.3749337005084969,137392.1292566084,4.349529061427779,0.0193851461236097,0.5682356394951313,0.0,0.0
MLM_43,Milimani_village,0.09302214713357791,0.08949079409824603,0.09376693,0.09209328965031338,0.1337029766040864,0.172523698141934,-0.3765377216936352,53989.181836083706,4.352157923172647,0.0133343839081117,0.603054544009905,0.0,0.0
MLM_44,Milimani_village,0.11477622095194123,0.1330450015423747,0.14163649,0.12981923777205143,0.2851115020145576,0.0438226541878657,-0.3825197924215825,32385.49692633163,4.351478087891967,0.0054147598017586,0.6436816754641003,0.0,0.0
MLM_45,Milimani_village,0.07943929814325243,0.06970678116367882,0.066429995,0.07185869143576455,0.0905818809609655,0.1593944626456925,-0.2929580972881711,20072.27843480025,4.339982288332769,0.0132973725767072,0.5787727514210461,11202.7087,0.0
MLM_46,Milimani_village,0.07457669537247694,0.06806458787161648,0.064138584,0.06892662236101103,0.0108977268597179,0.1964603562691124,-0.2642093927368414,22885.11366238236,4.349732786945185,0.0084753865967885,0.3618998252065114,0.0,0.0
MLM_47,Milimani_village,0.08542031070708993,0.0901394852963208,0.08694564,0.08750181135466018,0.0610747960555121,0.1604703244169354,-0.3126059043261118,67173.18587411816,4.352562389125488,0.0073168155829907,0.6930011073912714,30868.4166,0.0
MLM_50,Milimani_village,0.07352171013131466,0.07377219054069196,0.07471208,0.07400199447188378,0.0038306955439384,0.2099319632335997,-0.2424759997339176,36171.61574802625,4.34812833651281,0.0098360141818692,0.382837125313812,0.0,0.0
MLM_51,Milimani_village,0.0883614047167467,0.09063615889712905,0.09436788,0.09112181342092622,0.0993869736475055,0.142147013815126,-0.2696929517738314,30937.80659474634,4.352028616745118,0.0060846822582912,0.3626151684544977,0.0,0.0
MLM_52,Milimani_village,0.09669417896697019,0.10604621128089686,0.11930578,0.10734872408931968,0.1562550190784515,0.1388241644082198,-0.3492847969621082,55225.92015596272,4.353669833424641,0.0027070788048516,0.3575245179702106,0.0,0.0
MLM_53,Milimani_village,0.120204515125412,0.14036181477385207,0.13463616,0.13173416453693731,0.2339385208102514,0.0808618360983317,-0.3724497167517518,135202.16800765076,4.35372819457966,0.0023205776887475,0.3690838623729658,0.0,0.0
MLM_54,Milimani_village,0.12438971211136671,0.1423887614201784,0.13605967,0.1342793817239804,0.2204341307904991,0.0607901773796674,-0.3457322636438326,150554.75614713834,4.353706177567317,0.0079853332012177,0.3657903327394167,0.0,0.0
MLM_55,Milimani_village,0.1111552849163017,0.13483507381098783,0.12392171,0.12330402199993971,0.1638273569036058,0.0772434015033302,-0.3180737754995504,91728.99479047317,4.35370902904074,0.0118129300345122,0.4081996413478033,0.0,0.0
MLM_57,Milimani_village,0.06557268271426787,0.06206655906188831,0.06252804,0.06338909277031414,0.0307611930496458,0.1928314934195469,-0.2650925104508628,8610.966844479144,4.341780927467053,0.0239764697689319,0.4058541420534707,32052.8932,0.0
MLM_65,Milimani_village,0.14475154508438043,0.16163058794538196,0.14865135,0.15167782653135176,0.4315168278457513,-0.0393770686052165,-0.4000218165001454,124839.55522378776,4.347471798127636,0.0137391258067035,0.4663444531087411,0.0,0.0
A48_1,area_48_village,0.07891674258218151,0.07961660174166464,0.07122801,0.07658711892214498,0.0105112317362934,0.1839214231175591,-0.2422098767241417,34861.210976020724,4.351393953096863,0.0128288415520527,0.4207388700515247,0.0,0.0
A48_2,area_48_village,0.07629516922571773,0.07361287536531877,0.06878238,0.0728968087681423,0.0201936778384663,0.2022521614583243,-0.2569453981630854,26338.40963720689,4.351802269976942,0.0152939080172435,0.4263465317688126,0.0,0.0
A48_12,area_48_village,0.07495698546494084,0.08217778934843806,0.08931806,0.08215094473273392,0.0256957984510373,0.1600979655270881,-0.2420515528067928,51551.44429629337,4.334731292212058,0.0208633306363378,0.3569909969365424,19894.7654,0.0
A48_13,area_48_village,0.07551947100835651,0.08653435389223113,0.08900357,0.0836857984261381,-0.0151694475435334,0.2003965086047178,-0.2244662765660895,44354.37540799348,4.34670435400129,0.0175690203519912,0.4973960236649861,0.0,0.0
A48_14,area_48_village,0.07256720492497265,0.07191130774546539,0.066749774,0.07040942886334013,-0.0124743249340983,0.213951635433631,-0.2309718990451748,29614.285572318,4.351181863709632,0.0088326381286088,0.4541107080384875,0.0,0.0
A48_15,area_48_village,0.07653476541330692,0.07752243935135844,0.081740886,0.07859936357921402,0.0132143462340985,0.188856941550201,-0.24784953821904,31433.8386682874,4.349837646822476,0.0074543636209259,0.3468084480515467,0.0,0.0
A48_16,area_48_village,0.07227029157957107,0.06534757235757906,0.06264683,0.0667548975096579,0.0185642397464019,0.2146927691675966,-0.2664275287343581,21748.13504966802,4.349452884909488,0.0112909633864085,0.3367989517299015,0.0,0.0
A48_17,area_48_village,0.09627175108240499,0.10167489816176847,0.103948854,0.10063183438471428,0.1836873604444965,0.1145192477028778,-0.3220257272310117,24161.87480409747,4.352146029402422,0.0082315128616582,0.3310641447297086,0.0,0.0
A48_18,area_48_village,0.09116456762550895,0.09744907429583484,0.114693284,0.10110230865202426,0.1239006511922013,0.1498970246891787,-0.3112086448569689,43615.37987908149,4.353741458929681,0.0037724232613141,0.3198311543905521,0.0,0.0
A48_21,area_48_village,0.08416596510367605,0.0941158806362508,0.09652925,0.09160369952236479,0.0199377541821012,0.1582603468890231,-0.2161648496732004,45939.455718839454,4.353741458929681,0.0123776139878679,0.3111235409530841,0.0,0.0
A48_22,area_48_village,0.07657156442074489,0.06502126848692259,0.06191641,0.06783641461022388,0.0214099119635217,0.1774447349729135,-0.2387857189289268,20690.397890323744,4.353566633672278,0.0083269592191242,0.3515190937699029,8083.8615,0.0
A48_24,area_48_village,0.06923713663084673,0.07655404792786513,0.0709776,0.07225626099581269,-0.0133302088963064,0.2251967031355387,-0.2540060271256182,29854.7427700408,4.342477870439016,0.0191675057672195,0.5023788819342438,0.0,0.0
A48_25,area_48_village,0.074732825015537,0.06032147651132786,0.061960995,0.06567176557472033,0.0097471464236352,0.1890707895169297,-0.2754910825120479,18826.843348680068,4.346703732394254,0.0136012422605501,0.4125019005382945,0.0,0.0
A48_26,area_48_village,0.0820720777209908,0.06908694831313225,0.07955304,0.07690402130532475,0.060147023281354,0.1634934210266864,-0.2961866413347748,14212.396212958192,4.353034517003092,0.0102257823632586,0.3382760207969062,0.0,0.0
A48_27,area_48_village,0.08242145139712304,0.07952341244967456,0.08465736,0.08220074248012531,0.0469474162829361,0.1698419660449177,-0.2551136233621385,28118.62920545948,4.35206018707043,0.0106651926481238,0.48158020498574,0.0,0.0
A48_28,area_48_village,0.07242077147623042,0.060336450299405466,0.057711493,0.06348957166651382,0.0052475691860192,0.2060518643508903,-0.2591067076777971,19126.263456076114,4.34620839873267,0.0187835636113252,0.4550145775207716,0.0,0.0
A48_29,area_48_village,0.07642236303133335,0.061572018244895235,0.06963312,0.0692091666948327,0.039795244788914,0.1835154979700914,-0.2917777845708271,18978.204057841165,4.34753373704006,0.0101630605710257,0.2711856086595045,0.0,0.0
A48_30,area_48_village,0.09119589220752533,0.1065115050218535,0.107888974,0.10186545715958058,0.0945629089622374,0.13067247055861,-0.2812916287793751,49117.78733829553,4.34745869697523,0.0135463193250186,0.3480072274280845,0.0,0.0
A48_31,area_48_village,0.10449464753314805,0.12931080084866983,0.12191351,0.11857298532085835,0.1256101124118901,0.115805050618102,-0.3087385602671483,92337.17377815262,4.351797411640244,0.0104683973317442,0.6270417479008681,0.0,0.0
A48_32,area_48_village,0.10548933252895441,0.1285989432385771,0.120207116,0.11809846392511213,0.112752497976717,0.1072286562090782,-0.2601681138402647,103291.22632415984,4.353741458929681,0.0070671988252361,0.5109746013192795,0.0,0.0
A48_33,area_48_village,0.08361421893846574,0.09216144478877726,0.1055033,0.09375965402315699,0.0015759633046989,0.1649081455514235,-0.2068617306850093,53103.02509025524,4.353741458929681,0.008727167453395,0.4793744561718612,1832.0893,0.0
A48_34,area_48_village,0.07784459238025909,0.07674514379781616,0.07617646,0.07692206442838079,0.0215894861180119,0.1584251144049712,-0.2323714873778686,24075.667222154265,4.353741458929681,0.0054244740042657,0.3060150506340338,13940.3189,0.0
A48_36,area_48_village,0.07090632042551497,0.07079747558071998,0.070542574,0.07074878997835599,0.0182250599815858,0.2336867532521362,-0.3044211619752143,37396.942766395,4.342037428498298,0.012705214806034,0.5044820062561507,0.0,0.0
A48_37,area_48_village,0.07652862026167431,0.08793644251385624,0.08337109,0.08261205022809179,-0.0055483024069997,0.2080671975267185,-0.2459966859315252,63489.07322943811,4.34677398841861,0.0077869974277409,0.3801254051016395,0.0,0.0
A48_38,area_48_village,0.07288188578634486,0.06117022015767059,0.06381532,0.06595580799733859,0.0106352138292781,0.1892122348422831,-0.2604108702956707,11531.781927990402,4.346736718705559,0.0085420111175072,0.3743391164043369,0.0,0.0
A48_39,area_48_village,0.07113787858481949,0.06020063349078731,0.054318864,0.061885791991374166,0.0059687964212678,0.2070378903136664,-0.2524234542960559,18038.095091750703,4.3422559702882655,0.0154434996290962,0.5760249507976228,0.0,0.0
A48_40,area_48_village,0.07254579511673,0.060673487040079646,0.060281657,0.06450031294643364,0.0213767923958901,0.1943447303244922,-0.2927833362269142,10207.995782797185,4.343137698741928,0.0232537510766296,0.4522560363104038,3498.1495,0.0
A48_41,area_48_village,0.07038403987454418,0.06088362135155861,0.063990444,0.06508603505701127,0.0468276673535306,0.1892339307679595,-0.3108376598610294,16723.690712122596,4.346833375270816,0.0083839554167546,0.2376504120132305,22907.1954,0.0
A48_42,area_48_village,0.07683164902371209,0.07295710680764893,0.076143585,0.0753107803256115,0.0157946417947706,0.1723738690399339,-0.2343385495967449,21827.1053301403,4.34805786733469,0.0100152376263967,0.3379057684385274,0.0,0.0
A48_43,area_48_village,0.08110425766842093,0.08306303852268408,0.08490497,0.08302408830988697,0.01675228184549,0.1902494695128654,-0.2714489981261167,48240.8894375732,4.351527886960472,0.0115687300967383,0.4874750799674851,0.0,0.0
A48_44,area_48_village,0.0878708530554976,0.09357647915543413,0.096997276,0.09281486938648541,0.0168273874517378,0.1837645940021801,-0.2665483307224474,84638.52004004951,4.353741458929681,0.0071205762200276,0.541892341973524,0.0,0.0
A48_48,area_48_village,0.06588423942197698,0.059688123101261883,0.056977298,0.06084988687798745,-0.0068927671681296,0.2176469194802887,-0.2497740677773975,15246.72303084328,4.3490930190517965,0.0080798088539983,0.3232927675230809,14078.4072,0.0
A48_49,area_48_village,0.06838104747590415,0.06120732439947329,0.05817519,0.06258785438620115,0.0108587161862036,0.2287090883012328,-0.2836401045249989,20059.059295936677,4.348441905449518,0.0112614111109792,0.285598357890592,4190.6495,0.0
A48_50,area_48_village,0.07469153711497598,0.06069629286460484,0.06743432,0.06760738278108246,0.0257312991172647,0.2065577937771376,-0.3111201549963254,10196.01614921978,4.352014528514316,0.0090078983537689,0.4988532272078946,0.0,0.0
A48_51,area_48_village,0.0793662838957224,0.07504679435914335,0.081169546,0.07852754130178265,0.0543445234985324,0.1711017759620191,-0.2905650292424293,23534.482146123064,4.352929736955418,0.005087550278559,0.5451028152274432,16129.0654,0.0
A48_52,area_48_village,0.07524003834153842,0.06509397892166754,0.06377253,0.06803551554227939,0.04692541088874,0.1762417968272855,-0.2948420402370635,19066.096617369967,4.347307865697532,0.0165003261491201,0.497525706782339,20431.1731,0.0
A48_53,area_48_village,0.0779768617363436,0.062212837674034065,0.06929693,0.06982887770698426,0.0432693801894499,0.1793506395241686,-0.3152679963503543,14506.244772216414,4.347297955934825,0.0129877001262478,0.4145987553949334,0.0,0.0
A48_54,area_48_village,0.07631479310802017,0.05787712801961602,0.06836273,0.0675182162963016,0.0319527608511065,0.1832604144119908,-0.2879397183604962,16569.83741995226,4.349033258873225,0.0056973409737955,0.3360523302106566,0.0,0.0
A48_60,area_48_village,0.06915517576915584,0.06331780590611923,0.05425481,0.062242597644133,-0.0035446947961509,0.2094004820851426,-0.2540762081835324,23738.74602947216,4.344260319999534,0.0045697071327711,0.4795074170029852,6092.3882,0.0
A48_61,area_48_village,0.06380083479715995,0.06054721772421126,0.056340493,0.060229515261061774,-0.0151985949636898,0.2222086005183523,-0.2354505547094492,16740.051626331035,4.338244633902794,0.0114605155567782,0.50859340667954,6974.0252,0.0
A48_62,area_48_village,0.0674375318657762,0.05852854498936394,0.059477508,0.06181452830774162,0.0340438650033239,0.2147209590824859,-0.3312127015384884,17385.542129183803,4.3430812748613,0.012847445656377,0.5408880838752259,23546.2974,0.0
A48_63,area_48_village,0.07429103406858847,0.0623793455190262,0.0597,0.06545679353959168,0.0207240663844072,0.1843094087892407,-0.2611412280478511,18980.089716741877,4.346787499990367,0.0157993904858208,0.485138651102143,9616.9624,0.0
A48_64,area_48_village,0.07968804542703865,0.07472315343673266,0.074204125,0.07620510779135319,0.0308843501765094,0.1834808723392607,-0.3007672075433936,26805.43882223544,4.349848374094708,0.0121723972577061,0.4954357357569416,0.0,0.0
A48_72,area_48_village,0.07217031979271225,0.07514567767547649,0.075298995,0.07420499741592518,0.032625295485962,0.203794604282529,-0.2838876009919271,31254.746354013885,4.351866317441904,0.0054906393907095,0.4133678849572144,22419.3328,0.0
A48_73,area_48_village,0.06872686644576892,0.06950891003866407,0.06627824,0.06817133935306574,0.0135020799649691,0.1932022984298613,-0.2453874041934047,31253.210562760494,4.34193990365392,0.0091651155425629,0.3739574155862662,20820.72,0.0
A48_74,area_48_village,0.07316589459313165,0.07126610955188048,0.07228995,0.0722406517635537,0.0372872710383098,0.213214673610334,-0.3152211889774327,27282.103993900604,4.345519087004595,0.007774826323277,0.3209748775112016,0.0,0.0
WPW_20,wapewape_village,0.06568581167120631,0.0530801011428031,0.05737555,0.058713821028029994,0.0275625920633446,0.1671014325301849,-0.258734313281163,18052.39526847165,4.3490527435707165,0.0119238974631646,0.3390416853828388,58939.392,0.0
WPW_21,wapewape_village,0.08108377470955253,0.0791480802794429,0.07969707,0.07997630916498212,0.0363939731972076,0.1605352183003243,-0.2790235189540907,28921.75980232563,4.353105143587957,0.0042902942491417,0.503157380760652,12175.5432,0.0
WPW_29,wapewape_village,0.07098665026087295,0.06468207034552828,0.059600607,0.06508977572236944,0.0030798448204709,0.213532373969875,-0.2519647029274737,9503.157776219648,4.350343442084482,0.0164184580669147,0.4258884737509816,0.0,0.0
WPW_30,wapewape_village,0.0700652905596694,0.062253017147298466,0.055982035,0.06276678078679769,-0.0065537118762783,0.2057029195375818,-0.2380418785576118,27565.68968074545,4.344677693742084,0.0094114191567926,0.5496907710022475,9247.2462,0.0
WPW_31,wapewape_village,0.06642349167912306,0.06666480544183896,0.060027216,0.0643718375835927,0.0076720006230903,0.2039026073484631,-0.2599335044681466,34965.596005598614,4.339088735216109,0.0122914349606772,0.5173050446955919,27267.4271,0.0
WPW_41,wapewape_village,0.07176342865970262,0.07222197223526076,0.07544119,0.07314219666841415,0.0487628454932517,0.1727091875755662,-0.2959396448293833,21797.20590020279,4.351861280401364,0.0074475701293961,0.2138055016844035,37107.348,0.0
WPW_42,wapewape_village,0.07541685103331314,0.0696789074643561,0.06823939,0.07111171644924545,0.0631809152371713,0.1660973229121614,-0.2987072523438754,11765.532520301334,4.34837677968661,0.016718415367344,0.3111581679253289,21668.2289,0.0
WPW_43,wapewape_village,0.07592232431510526,0.06511778427853149,0.07070807,0.07058272742308974,0.0424812926285899,0.1506907278075457,-0.2389812133020108,18323.523111635368,4.348109326425506,0.0155205765146323,0.3055705806564095,23034.6119,0.0
WPW_44,wapewape_village,0.07564219296782748,0.06254959241723687,0.061599106,0.06659696366053557,0.0223347636655809,0.1517530164623765,-0.2509210732258605,15980.123891991128,4.34714057431814,0.0019359137416658,0.3479330827397074,13469.9922,0.0
WPW_45,wapewape_village,0.08069235606034138,0.06604182606662459,0.07546048,0.07406488693013684,0.0517199644506941,0.1701695382580274,-0.3169874958428936,17392.95916010823,4.3502091347827045,0.0026274704179569,0.4575816534356877,0.0,0.0
WPW_51,wapewape_village,0.07446300659975674,0.08870060904640682,0.08704867,0.08340409592860272,0.0151609065540055,0.1591194106404293,-0.2368897256993636,76069.25796687722,4.346578519959634,0.0064591849792918,0.3409452112854182,50564.6379,0.0
WPW_52,wapewape_village,0.07817300263505689,0.0846838342278918,0.08563742,0.08283141909294232,-0.0099754897922614,0.1844909914386165,-0.2115159662352379,38564.05699548309,4.353741458929681,0.0084511486604124,0.3887618342976776,0.0,0.0
WPW_53,wapewape_village,0.07988861867820499,0.07992325480430869,0.07718925,0.07900037508767455,0.0001217210700953299,0.1922474756817894,-0.2403516746221557,45684.934029099706,4.352571846257602,0.004967484308362,0.6188307916836799,0.0,0.0
WPW_54,wapewape_village,0.05964758953456586,0.06326088847817649,0.05587633,0.059594935851316234,0.0088831621309249,0.2248131564729421,-0.2803209516429224,35012.7790937299,4.343391636672359,0.009210908493895,0.6990460958837633,58708.2089,0.0
WPW_62,wapewape_village,0.06996487783431096,0.09363608031857598,0.09455643,0.0860524622149854,0.0166452894223539,0.1891680013695334,-0.2599270572197121,87317.7767266302,4.34833362782338,0.0066380600882025,0.5305653261966452,70260.7573,0.0
WPW_63,wapewape_village,0.07243401255246636,0.0757150389393165,0.07595362,0.07470088972792553,0.0189423127782162,0.187652417285849,-0.2628939686749501,52298.59487373247,4.34800944157463,0.0060807615473949,0.471440944026414,35596.984,0.0
WPW_64,wapewape_village,0.07198204300349917,0.07115266619633075,0.069899224,0.07101131098156638,0.0393831285587654,0.188251018464768,-0.2709236207623547,28888.379729633947,4.347428950423571,0.0145870073580004,0.2681477583418711,23326.9737,0.0
WPW_65,wapewape_village,0.06603891261231543,0.06468795379929698,0.06327964,0.0646688366888119,-0.0074853685102067,0.1789448644194043,-0.2131466019463999,10222.07604913473,4.341234769147677,0.0184047980100489,0.3661229650592966,23055.373,0.0
WPW_66,wapewape_village,0.07456410046153043,0.06414775196223217,0.06711994,0.06861059784638064,-0.0015326206450925,0.1654796504280493,-0.2172295565854829,13838.904827088423,4.3524509104598215,0.012852478172492,0.4661598595506945,16599.3052,0.0
WPW_67,wapewape_village,0.08395144959396045,0.06696249848003973,0.070366405,0.07376011767487296,0.0422169610800394,0.1352748878017309,-0.2516005823463313,18219.525165658742,4.347149222529647,0.0123814774437037,0.5052710826591382,0.0,0.0
WPW_68,wapewape_village,0.09063768453259916,0.07656750109247652,0.09020227,0.08580248585446655,0.1084927051048061,0.1249278139880179,-0.3210450105448379,18064.250972623977,4.349305670543622,0.0054985872741822,0.5890637550635053,0.0,0.0
WPW_72,wapewape_village,0.07606135884577646,0.0832159368956529,0.073545426,0.07760757395724138,0.0088508037955015,0.219717304750359,-0.2701444455470478,55712.01448799215,4.347657577812946,0.0097880184149469,0.4780605913009764,0.0,0.0
WPW_73,wapewape_village,0.069010357982802,0.08755347683890413,0.07822807,0.07826396871789466,0.0032650651031758,0.2217221418942578,-0.2798624316021132,62103.92558711872,4.3509679187885375,0.0069110198225422,0.4927575280262446,39750.8003,0.0
WPW_74,wapewape_village,0.07408146579180397,0.07595861871324673,0.07739046,0.07581018222172038,0.0212021219062435,0.1683886363690722,-0.2355832138297084,37195.47571870942,4.348238565785127,0.0100266307118347,0.4412455142212897,29750.7306,0.0
WPW_75,wapewape_village,0.07699301482457092,0.07426678142485499,0.06514083,0.07213354157989439,-0.0045710644212936,0.1901529338406477,-0.2414641455759988,33995.42751078067,4.349234731097275,0.0136685321308404,0.5065837116659104,0.0,0.0
WPW_76,wapewape_village,0.07816353808326927,0.08578091495371071,0.084982105,0.08297551921215195,0.0099885745940801,0.1733820913187619,-0.3013921852705407,37858.89105839599,4.342098045627933,0.0119819874308857,0.4115739456159816,0.0,0.0
WPW_77,wapewape_village,0.05710140805354001,0.054641571642252335,0.051557183,0.054433387653826125,-0.0116269084898931,0.1981100948281583,-0.2244747027385705,14835.12668987694,4.3386882716178965,0.01041876554683,0.314605019527535,46304.4277,0.0
WPW_83,wapewape_village,0.06617946515298409,0.05816816687898914,0.061091233,0.061812955025611994,0.0473231527041308,0.1425011021738699,-0.2630568202848224,12611.02607501019,4.3454138787455525,0.0112437065333118,0.3554474088868273,67620.7607,0.0
WPW_84,wapewape_village,0.07672640345927267,0.07503887055021527,0.07321217,0.07499248104008764,0.0348277890265711,0.1474018555933834,-0.2441683378369145,43977.19067559666,4.346835486100683,0.0137791288438217,0.5622434805772155,41467.8535,0.0
WPW_85,wapewape_village,0.08210910237525292,0.09008910088289687,0.09364735,0.08861518553642199,0.0135696414956522,0.1625117480379935,-0.2328514519539944,74018.55317970186,4.348876864418471,0.0058414962388444,0.5481264840778736,21225.8963,0.0
WPW_86,wapewape_village,0.08142799579534923,0.0841754893222726,0.0794541,0.0816858622465755,0.0519835800004797,0.1688749030214389,-0.2531259260451934,67508.91413716122,4.345204004567242,0.0053211263568607,0.4809520085038526,18059.9015,0.0
WPW_87,wapewape_village,0.08433509442106514,0.09073865150333851,0.08811752,0.08773042115177393,0.0717208212731102,0.163589065108991,-0.265454374308254,66675.7519368711,4.349768800126894,0.0112165846898835,0.4133222558218227,20687.9185,0.0
WPW_88,wapewape_village,0.07720206216525463,0.06754843481688823,0.059446212,0.06806556962881007,0.0237627908739944,0.1598353669922828,-0.2519446847243991,24482.290014074344,4.345380748785226,0.0142304064098418,0.5399442058905474,13958.3856,0.0
WPW_89,wapewape_village,0.08167948864812688,0.07451746362196951,0.0803149,0.07883728309029535,0.0597112820579416,0.1437951307497937,-0.2538078814905194,21545.805931355128,4.35164547283021,0.0074153795857019,0.4951281306985011,17038.5754,0.0
WPW_94,wapewape_village,0.07733127421953537,0.07483319304084975,0.07487845,0.07568097133939285,0.0277500407445503,0.1581977195545705,-0.249184939802669,30505.155498092136,4.350284449593272,0.0070192025596525,0.3884324933422117,20371.2543,0.0
WPW_95,wapewape_village,0.0720575992345898,0.06255194458513474,0.05802608,0.06421187430272468,0.0125970268113551,0.189485402273776,-0.2818052668353223,22057.540473268386,4.3399136421330775,0.0166119747637428,0.4730373555525664,6501.6536,0.0
WPW_96,wapewape_village,0.060604555585431555,0.05485141748868847,0.051338762,0.05559824503967555,0.0012698647071126,0.2083812979998204,-0.2633866380305028,19474.6610303484,4.34362881590662,0.0161651546447494,0.407079590378219,45696.6066,0.0
WPW_97,wapewape_village,0.06647940874153363,0.06247419756287521,0.05468031,0.061211305498044266,-0.0097124836651379,0.1968902323618991,-0.2161468198914645,12901.787305818114,4.3510471544688185,0.0145243463027667,0.4416761602579404,28776.563,0.0
WPW_98,wapewape_village,0.061607735808129116,0.06328735151966315,0.061227284,0.062040790566548376,-0.0206535461637441,0.2354093976257167,-0.2399429103332003,20771.97375238568,4.341496746136244,0.0206940243317773,0.4724992219377942,17945.961,0.0
WPW_99,wapewape_village,0.07912675135000875,0.08699555140168518,0.087202884,0.08444172900284456,-0.0201513528531998,0.1775274759848499,-0.1967107551672969,58516.98896784333,4.346229966661244,0.0146072840349371,0.4317648493862375,0.0,0.0
WPW_100,wapewape_village,0.07302267366108375,0.08302121661984323,0.08073078,0.0789248904133521,-0.0013149490055653,0.1754076679348261,-0.2126933614777723,55602.81214800273,4.34878107504285,0.0082246573713878,0.4467457671029321,35628.3156,0.0
WPW_104,wapewape_village,0.07242114036719499,0.07173681853771184,0.07230774,0.07215523401234042,0.0377855202853396,0.1812477645585603,-0.3028399939481526,38681.54490026433,4.349575637841286,0.0102223205869671,0.5060726436531928,43335.9047,0.0
WPW_105,wapewape_village,0.07443984970078954,0.0774080084205024,0.0737593,0.075202386872734,0.0224474757702659,0.1744037377043958,-0.2693308514048247,46644.69538814082,4.352544969768239,0.0062448733129227,0.4141597895138059,38449.2011,0.0
WPW_106,wapewape_village,0.07516108528689108,0.06578698349208785,0.062301144,0.06774973759428234,0.0149780189116443,0.1502119794425657,-0.2464704529480156,13991.245711835872,4.350568396030757,0.0111697234325781,0.3881654653932942,23476.3771,0.0
WPW_107,wapewape_village,0.06971825997735163,0.06647506491306149,0.072359726,0.06951768357445076,-0.0119241242653022,0.1548179501903381,-0.1974011375859631,9312.78767768825,4.345627501184391,0.0107140997798794,0.3611714130348457,23334.3879,0.0
WPW_108,wapewape_village,0.07313537956243657,0.07027596078194613,0.073359005,0.07225678183252061,-0.0030493090891054,0.154093007850494,-0.2092835139296571,23870.778306919765,4.347792060273459,0.0056949816675171,0.3925887142155464,23333.6066,0.0
WPW_109,wapewape_village,0.07756094772578541,0.09205682469507738,0.094149485,0.08792241921710288,0.0184693034261879,0.1729019648995046,-0.2370826958043312,49614.80258635911,4.351760288607084,0.0038548651460598,0.3589867499603888,19871.2845,0.0
WPW_110,wapewape_village,0.08102016490749604,0.0826563854572685,0.08695397,0.08354350605814721,0.0226978108179538,0.1598391316238225,-0.239190176334213,46224.72162637675,4.353193306822607,0.0060135546671012,0.4060129798533958,15744.2981,0.0
WPW_111,wapewape_village,0.09150521189396871,0.09198218399464375,0.09303184,0.092173078141625,0.0577465470541374,0.1241757864882381,-0.2336864530231541,45236.52539336046,4.352023607953702,0.0085351102179328,0.5411874949417294,0.0,0.0
WPW_115,wapewape_village,0.0766387705807271,0.06907548785323982,0.056164198,0.06729281868589887,0.0475003728938784,0.1309181885438081,-0.2541582223348361,36108.91531035299,4.345489706780158,0.0018205691960058,0.6364130736583387,46764.3453,0.0
WPW_116,wapewape_village,0.0841426934704493,0.08996501795461226,0.087616175,0.08724129561273108,0.0165002055710843,0.1442262920591822,-0.2249778066334799,66784.50755598498,4.349429959772998,0.0078457471790842,0.5416529624579643,20272.2052,0.0
WPW_117,wapewape_village,0.07351333405115248,0.0698450472774734,0.068219826,0.07052606898468183,0.0061317615608058,0.1749250779488061,-0.2422375942699496,33233.76201160429,4.343239199521633,0.012700315939572,0.4863807952668673,16479.5089,0.0
WPW_118,wapewape_village,0.06588247599368813,0.06283517950658389,0.05732624,0.062014631367557284,-0.0050126087944209,0.2002710713183782,-0.2603574233846457,27365.173526183757,4.342733947595698,0.0088423553506973,0.5134668783963957,29192.4504,0.0
WPW_119,wapewape_village,0.0705616484134382,0.06758319777258076,0.066428095,0.06819098042944305,0.0016245969481897,0.1898554144606948,-0.2402941996354108,30090.996199879013,4.347038551729296,0.0068906828546033,0.501075297845057,22348.0637,0.0
WPW_120,wapewape_village,0.07350119149998702,0.0638225164902346,0.06567167,0.0676651251489495,-0.0206204342386471,0.1723032797302765,-0.1833735828998041,16030.414732032878,4.348080195860359,0.0054615013331081,0.4072656051975445,0.0,0.0
WPW_121,wapewape_village,0.06783034979190108,0.06700209060301714,0.06858537,0.0678059379520549,-0.0219783824684095,0.208033191115221,-0.2110421946796844,35266.89977577499,4.347841930381403,0.0131970566890586,0.5027499521343419,22675.9832,0.0
WPW_122,wapewape_village,0.07712788212843369,0.09549109494451685,0.10093154,0.09118350573483981,-0.0211040516965265,0.2113882363630398,-0.2140597423191657,61957.0959046039,4.353055753592703,0.009814416706324,0.3948353832549042,0.0,0.0
WPW_123,wapewape_village,0.06985492263697199,0.08326055797773321,0.08061352,0.07790966811213339,0.0070391773823735,0.2137928560100807,-0.252932917824769,49765.3957518616,4.352243686943278,0.0078344532107693,0.3856949233214109,31065.5848,0.0
WPW_125,wapewape_village,0.06545424362930914,0.07053735647225859,0.06287379,0.06628846275984494,0.0815688500525636,0.1770181869248351,-0.3263177820342588,29568.62310659268,4.346200933574018,0.0123418589920008,0.3685674612925708,74788.9099,0.0
WPW_126,wapewape_village,0.06882547300930948,0.05934572737608434,0.059002127,0.06239110929459404,0.0689265308329003,0.2013556629975992,-0.3789684344441947,18275.79220058846,4.342740132860339,0.0179952568546038,0.48691954355019,37301.7613,0.0
WPW_127,wapewape_village,0.07697559493490706,0.06978439587969369,0.07660387,0.074454619309397,0.019472590448058,0.1775024532538134,-0.3125228202809889,28828.62659908449,4.352816983406819,0.0102891645770818,0.5087420038026333,20593.192,0.0
WPW_128,wapewape_village,0.09455763078087091,0.11613374041507171,0.12012173,0.11027103451670224,0.068983952220009,0.1165343507119703,-0.237403322295116,89998.5136596044,4.353572079498219,0.0031410021959235,0.4103032507946406,19388.437,0.0
WPW_129,wapewape_village,0.0907170721973198,0.10218226695488056,0.098099425,0.09699958819575553,0.0776493892039452,0.1197318168961944,-0.2533631485231818,64356.43418125776,4.352581628603794,0.0031546354954712,0.4651907256203498,21637.5903,0.0
WPW_130,wapewape_village,0.07437684697675873,0.06910094419155381,0.07412229,0.07253335950044139,-0.0078519862793218,0.1573859516067209,-0.2031665469998625,26728.604712538166,4.34768361459861,0.0071547554119143,0.4887148127547189,19011.8077,0.0
WPW_131,wapewape_village,0.08078458737327004,0.08372694708254214,0.079707325,0.0814062863202215,0.0344313491109911,0.1554354877856294,-0.261663817323791,61711.01461831262,4.341977979803357,0.0134594268677543,0.5718414118088442,22337.4211,0.0
WPW_132,wapewape_village,0.0783408589229703,0.0823064735301529,0.07753998,0.07939577095488425,0.0221334312362172,0.186201085919627,-0.2412718013125651,64670.8487034743,4.347032234748984,0.0057013748824699,0.40550959259566,12722.9467,0.0
WPW_138,wapewape_village,0.08107460186271935,0.07993725824055302,0.076661475,0.07922444503534601,0.0141001445385858,0.1531976987391359,-0.241296584479974,28189.96807325689,4.348231404748328,0.0039757954162596,0.5016481355310196,0.0,0.0
WPW_139,wapewape_village,0.07606142360953706,0.07972881522342407,0.08162451,0.07913824891233795,0.0267330212018473,0.1687873027695439,-0.2999565968427943,41985.32792613623,4.34690122474741,0.0065315557546579,0.3623832296828349,23794.4727,0.0
WPW_140,wapewape_village,0.06607516243394967,0.06576934092792941,0.06959794,0.06714748017618997,-0.0058415692896252,0.1642103212952506,-0.2139817239337369,12023.109973613407,4.337857892631833,0.0204626039146197,0.4632117493552328,31630.0436,0.0
WPW_141,wapewape_village,0.07129267446591125,0.06727145999196749,0.0709969,0.06985367911364386,0.0162516218573573,0.1426284011712544,-0.2424532437241038,8511.801352895865,4.336368532014692,0.016089075877666,0.4697550382650841,22435.3025,0.0
WPW_142,wapewape_village,0.0750252480066097,0.06879368527691541,0.066749536,0.0701894895948428,-0.004012819519667,0.1621355254829002,-0.2199430737151221,25285.816985980782,4.34675418204684,0.0154503717843882,0.4727286267149696,14983.188,0.0
WPW_143,wapewape_village,0.07740300188992279,0.08085526722508996,0.07863122,0.0789631637876967,-0.015049526745212,0.1757670407747172,-0.1957245354617108,46436.66869594546,4.351178103039876,0.0037324732065017,0.4349881667690692,7191.2068,0.0
WPW_144,wapewape_village,0.071776354708711,0.07156183104094781,0.06019765,0.06784527904530659,-0.0118218826544266,0.1949258098571051,-0.213444780042227,32610.868230698787,4.34543364282179,0.0057382869860486,0.4684498781880348,6012.5234,0.0
WPW_145,wapewape_village,0.06842916488774517,0.06725105505471894,0.062679455,0.06611989154224053,-0.0014641427409045,0.2274401118414196,-0.2479209064800523,36090.27206553406,4.348535379495945,0.006324320365065,0.6592758812600467,19225.8556,0.0
WPW_146,wapewape_village,0.07710077319773871,0.07387740358444547,0.078749634,0.07657593703589616,0.0577497466834299,0.1865616016424112,-0.2956619029256478,45728.8792682982,4.353741458929681,0.004459571038101,0.6708733744502723,37140.8737,0.0
WPW_147,wapewape_village,0.07758091220528107,0.08958495539011188,0.08794095,0.0850356070891084,0.0214507090393921,0.1695548472629989,-0.2331512238486288,63081.34017496031,4.353211644711792,0.0045899770608799,0.5898083828305097,40542.9635,0.0
WPW_148,wapewape_village,0.07379443115404075,0.07342851729431213,0.069913104,0.0723786842082914,0.0048420041755396,0.1975231258569603,-0.2483913984100389,43796.79054356089,4.349978688237687,0.0142185532503731,0.4810846219573064,19704.4511,0.0
WPW_149,wapewape_village,0.0714720011310414,0.06724661108287669,0.07200335,0.07024065395858171,0.0112632307279996,0.194834299667762,-0.274199942297352,26487.18324965372,4.351663761765916,0.0103800977103685,0.343903575256668,21808.9297,0.0
WPW_150,wapewape_village,0.07203627867137277,0.06608421495502262,0.07073782,0.06961943667325693,-0.0099281983234226,0.1723975512175025,-0.2044480422116959,18291.63289127992,4.353564349413077,0.0073614404317918,0.4580761452731103,23623.3911,0.0
WPW_151,wapewape_village,0.07974446671487917,0.07644088993691982,0.07925027,0.078478541763311,0.0200876464355218,0.1461696326943975,-0.2357738690898426,34894.54354044348,4.353211423150063,0.0044526487162831,0.4757752748568935,23660.2292,0.0
WPW_152,wapewape_village,0.09700773717110009,0.10444489595548305,0.09837067,0.09994110146628699,0.0919444980397258,0.106001018949006,-0.2445265961578807,94240.75256583764,4.352492413991917,0.0028720217319572,0.4857311111547603,23642.3227,0.0
WPW_153,wapewape_village,0.08853355539541931,0.08874379875661326,0.0922454,0.08984091803465578,0.0209520039630238,0.1512852903436261,-0.2194203176504538,102307.07507159168,4.347353731736037,0.0033641135259223,0.6259064290352274,16613.5137,0.0
WPW_162,wapewape_village,0.06864939057340722,0.07333489025225796,0.0717403,0.07124152676297908,0.027902782206144,0.1710763777153874,-0.2654044987220997,26724.252149239663,4.341409994353787,0.0075044304011088,0.1413048731284455,28622.9268,0.0
WPW_163,wapewape_village,0.07041412117592995,0.06144086806876501,0.061892148,0.0645823791173284,0.0133280641685548,0.180312374281554,-0.2477945640232945,16501.776227487302,4.349183105794643,0.0107666851048499,0.3459427524491636,23864.6089,0.0
WPW_164,wapewape_village,0.07455909692297621,0.07401781230091421,0.07470232,0.0744264105689844,0.0204636236079271,0.1645149640676888,-0.256538551468615,31540.25051065752,4.338359909064076,0.0165963752971378,0.5033538602397278,15040.5389,0.0
WPW_165,wapewape_village,0.07850013357677514,0.07768557423083594,0.08904635,0.08174401980640844,0.0458843889583666,0.171773374901774,-0.3284035579482435,41469.95354644973,4.340503044575451,0.0198014163111216,0.442572806835619,12893.9261,0.0
WPW_166,wapewape_village,0.07188074558216373,0.07626866540227127,0.075945616,0.07469834225095588,0.0080358645079481,0.1892644258160295,-0.2303483395259848,49283.687343428704,4.344823358718528,0.0087585597057792,0.3798595274493196,22991.4335,0.0
WPW_167,wapewape_village,0.07065789944601575,0.06482676288839134,0.047785312,0.06108999142391308,-0.0103530161614713,0.1983719230729355,-0.2147203446111859,28413.16358259534,4.339970531084056,0.0090384385460942,0.584004640331188,1975.8247,0.0
WPW_170,wapewape_village,0.07139010878210399,0.07836026383251583,0.073537715,0.0744293624646656,-0.0060398954836204,0.2280737755281131,-0.2331514753165457,56524.684011471305,4.35262722445774,0.0040484082731809,0.6163624141101133,21139.2669,0.0
WPW_171,wapewape_village,0.07178700652073901,0.06375977160125575,0.059043564,0.06486344734145762,0.0110346356005912,0.2091938138733957,-0.279187335598406,32232.466475084675,4.348584895505942,0.0145813332199463,0.6389711602950017,20306.9115,0.0
WPW_172,wapewape_village,0.06832061644411574,0.06823695337595978,0.06472231,0.06709329228215392,-0.0093657342969893,0.1942171262776872,-0.2319329881046062,34879.92527636055,4.342373326073313,0.0117909963366287,0.3778746486085486,19861.4831,0.0
WPW_173,wapewape_village,0.07447588455561846,0.07338382614946808,0.07164338,0.07316769767198461,0.0256475293886347,0.1797583105634526,-0.2617311395389425,32111.18456919297,4.349550297960116,0.0065612397009169,0.4219857730671184,20968.8456,0.0
WPW_174,wapewape_village,0.07859748840339287,0.07539613023119016,0.075077064,0.07635689432330975,0.0445622576091263,0.153493808678852,-0.2482011232759478,38052.8663399159,4.347022982141526,0.0033766013278208,0.4652183313263124,21690.231,0.0
WPW_175,wapewape_village,0.08689368651860103,0.09217295463411114,0.09644636,0.09183766627338612,0.0140926938085679,0.1407839010453838,-0.1970007685793134,56439.66575157931,4.353741458929681,0.0049030947238782,0.4209902679146396,3248.5615,0.0
WPW_194,wapewape_village,0.08307699584545958,0.07587667239488201,0.062057555,0.07367040765405795,0.0256451912790185,0.1505127778503975,-0.2519641804199621,34195.911820586814,4.344101912100465,0.0094861523913998,0.680948176006654,0.0,0.0
WPW_195,wapewape_village,0.07199802559764677,0.07130039321797046,0.0702251,0.0711745053515449,-0.0018014744630343,0.1811041987908909,-0.2287481132523492,34898.53307637809,4.347375920368737,0.0093641591316425,0.4077609843844213,21339.2035,0.0
WPW_196,wapewape_village,0.07661098994128288,0.07683091203902359,0.07715474,0.07686554755716382,0.0190025553934871,0.1761592872585221,-0.2603460030060548,39993.35970328657,4.349098183918851,0.0098735073098533,0.4033580812091166,16674.8721,0.0
WPW_218,wapewape_village,0.08806450372725097,0.0849315894387746,0.07497734,0.08265781049336066,0.026711543466343,0.1470047194037497,-0.2450787467902123,65927.23246602935,4.345439696161071,0.0099240820357814,0.6174656779198515,0.0,0.0
SVL_2,Sisal_village,0.10322134485450604,0.11427690747387918,0.108525686,0.10867464609813336,0.2054752532464974,0.0971212797125185,-0.3592101086853693,45519.02887808635,4.349786970673033,0.0083100081224616,0.444095576077659,0.0,0.0
SVL_3,Sisal_village,0.10299601072817433,0.1170597290524498,0.13422501,0.1180935835508371,0.1865819148193061,0.1002775781843071,-0.3325302416690002,55158.66304580876,4.349616386179703,0.009605695642693,0.4756618693427466,0.0,0.0
SVL_16,Sisal_village,0.12551643444591634,0.14698708815078257,0.15887833,0.14379394967090484,0.280199682447431,0.0479539050360534,-0.4024072498902424,123311.48327173485,4.349427253775432,0.0045939263586126,0.5354696981775968,0.0,0.0
SVL_17,Sisal_village,0.11275071216910092,0.13656172540921316,0.13540564,0.12823936078425033,0.2272738516586213,0.080151316791765,-0.3857603130908429,75418.10157737548,4.352489327384605,0.0010592594251933,0.5997121323636695,0.0,0.0
SVL_18,Sisal_village,0.10836524733155783,0.11277206786854364,0.09756014,0.10623248423680039,0.2792338609651396,0.0792609878713957,-0.4184323042135273,46334.597301499896,4.345691771079558,0.0014948598673979,0.4343222220956211,0.0,0.0
SVL_19,Sisal_village,0.11306742584107764,0.11962047596355468,0.10832528,0.11367106068458371,0.275469970128846,0.0606174772437169,-0.4030828142656874,57374.635431344905,4.347753437022525,0.0051309169431079,0.4344956977820194,0.0,0.0
SVL_20,Sisal_village,0.10547356347370812,0.12307216494635029,0.11686128,0.11513566824954069,0.2490794285453592,0.077643847811734,-0.3653415915704526,43108.32714510401,4.341787426736681,0.0117029629831864,0.4976014399506503,0.0,0.0
SVL_21,Sisal_village,0.09769199877986999,0.1194624155067973,0.112923585,0.11002599972170397,0.123687865667775,0.1162794989654643,-0.2860637346129858,53298.58188081009,4.3504041384083845,0.0078114259527832,0.6138605398138686,0.0,0.0
SVL_32,Sisal_village,0.13929387494675727,0.15721086611559926,0.14096555,0.1458234307334269,0.2951849533274664,0.0065520582626482,-0.382566767295061,165194.25801654704,4.353313930959445,0.0030466555141464,0.6068365217153955,0.0,0.0
SVL_33,Sisal_village,0.11690988357860904,0.14123046590204627,0.14201187,0.13338407181804265,0.2243920935476931,0.1001320992080637,-0.4132130992065874,125943.16777632454,4.352476614385078,0.0036666765337128,0.4964285019103296,0.0,0.0
SVL_34,Sisal_village,0.10805637760493424,0.10826347691502076,0.111881725,0.10940052667001608,0.2025526920288832,0.126981628594804,-0.4186998489762976,99712.77097767586,4.350979566683864,0.0060632732841483,0.4803199078372028,0.0,0.0
SVL_35,Sisal_village,0.11188491808385889,0.15388716281084147,0.16378559,0.14318589087207836,0.2282515700887076,0.1044581437998872,-0.4487260333921249,99999.90125892332,4.347547691526501,0.0036191788652546,0.5368572652837864,0.0,0.0
SVL_36,Sisal_village,0.11742921217649444,0.13533520016567993,0.11951153,0.12409198071515015,0.3590975129577771,0.0432196175891358,-0.4573646733118378,35084.80200885479,4.344774606605624,0.0182363840666081,0.4611957693065259,0.0,0.0
SVL_37,Sisal_village,0.11973288613581877,0.14331805801156908,0.1426544,0.1352351160638464,0.3036987866135675,0.0395924473110783,-0.3984046834881193,54866.11237908688,4.350592541363866,0.0124865668452419,0.6197128113254778,0.0,0.0
SVL_38,Sisal_village,0.10312486540514944,0.11367211281061308,0.112614065,0.10980368120815638,0.1452264406901313,0.1077197460684018,-0.3051596442325531,67148.24585311514,4.352372348413454,0.0071712641823901,0.6513976637879987,0.0,0.0
SVL_49,Sisal_village,0.1105108085821893,0.11255444338202894,0.103508584,0.10885794538851805,0.2206886049868005,0.1326588627564507,-0.4395077466906581,111782.83707919635,4.351191064254223,0.0063749991987241,0.5102441628344094,0.0,0.0
SVL_50,Sisal_village,0.09339642120480526,0.09665129090979399,0.11995781,0.10333517474835015,0.1815808376871473,0.2037420387539912,-0.4767931282122779,70601.33270880046,4.348392637624141,0.0133691370912114,0.5561660989534338,0.0,0.0
SVL_51,Sisal_village,0.10040728464208562,0.1018758761573788,0.100747816,0.10101032568803125,0.2484943353447291,0.1643931440587328,-0.4848742245970883,51036.43344661436,4.352070692326278,0.0048239249954929,0.5769337122886652,0.0,0.0
SVL_52,Sisal_village,0.11867379111929235,0.11951857599366797,0.11934978,0.11918071493715905,0.3770098772803362,0.029725201553283,-0.4392165923301241,19214.900089450388,4.351967319295907,0.009500831861117,0.3063640656609788,0.0,0.0
SVL_53,Sisal_village,0.13023789027142668,0.1408467749528276,0.17097822,0.14735429451376206,0.3937351937601728,-0.0142658910962705,-0.4669678263179809,42732.90678456452,4.352308872045148,0.0071778976298573,0.4562986540501428,0.0,0.0
SVL_54,Sisal_village,0.13588598657501003,0.16419869929272823,0.17461896,0.1582345484315394,0.4325863252104105,-0.0077156538744431,-0.4674103599894389,66722.81730188553,4.3529882459183815,0.0042375729281451,0.6408306317856084,0.0,0.0
SVL_55,Sisal_village,0.1063305584432184,0.11081054488695354,0.09429826,0.10381312058465907,0.1899667473083059,0.1090307396630685,-0.3539561490362099,70824.7362492946,4.352280665613877,0.0011705740552292,0.6991472909137003,0.0,0.0
SVL_56,Sisal_village,0.09436914670863172,0.09333175935942017,0.08694483,0.0915485798219724,0.1178083711648232,0.1510524130381609,-0.3356712822951296,54633.384340885874,4.353741458929681,0.0014195864834381,0.6114217136620917,0.0,0.0
SVL_66,Sisal_village,0.10079935164819384,0.09647002934913754,0.08257556,0.09328164687114009,0.2043620047269893,0.1589649785684272,-0.4497485054971104,63379.344706376985,4.3531762148096655,0.0027925304617339,0.6437248558505962,0.0,0.0
SVL_67,Sisal_village,0.10447673336801505,0.1121514109587555,0.09283603,0.10315472471812177,0.2173967522901919,0.1181120597003203,-0.4000103489715308,49329.93414537752,4.353232669795813,0.0038191113673516,0.6589222458400444,0.0,0.0
SVL_68,Sisal_village,0.11159073456722868,0.12599534636830734,0.13930054,0.12562887367504774,0.3019036466518384,0.0690752368502359,-0.4688117386721193,27250.974198114385,4.353741458929681,0.002645543299567,0.3544198496055731,0.0,0.0
SVL_69,Sisal_village,0.11800953742894699,0.10450150645469365,0.10674506,0.10975203356387848,0.332489057589486,0.0321251658113352,-0.4706896003462855,39324.35965183777,4.352742460588009,0.0041423204231317,0.5041180771639151,12042.2702,0.0
SVL_70,Sisal_village,0.11372231919302521,0.12073297398421352,0.10943511,0.11463013482049823,0.2486130196357663,0.0663718071986287,-0.4130062984105277,68591.27814005339,4.345513288752711,0.0102846247323998,0.6659975587028142,0.0,0.0
SVL_71,Sisal_village,0.1286259287370903,0.13972358126428047,0.1417731,0.13670753822301143,0.3654080030782271,0.0249450199164526,-0.4570321874309407,83448.66321276879,4.346115170861197,0.0073834849274678,0.7522250298773618,0.0,0.0
SVL_72,Sisal_village,0.11715462213474316,0.12835698438724416,0.116005756,0.12050578749430955,0.3035452395862245,0.0582966983162733,-0.4053217721964655,51195.6838929206,4.353741458929681,0.0046589192555899,0.5903208333279928,0.0,0.0
SVL_73,Sisal_village,0.09550333247223573,0.09503359495020763,0.0895869,0.09337460870231501,0.1197427650722901,0.1422825824206399,-0.3449920563439984,49409.36140628885,4.353741458929681,0.002651482145169,0.6610068578928648,0.0,0.0
SVL_83,Sisal_village,0.1164804066856342,0.12891245396823983,0.13186167,0.12575151081975192,0.3161424013104523,0.0874734894947026,-0.4697248468723112,62328.89865526874,4.351860052389823,0.0086003064219813,0.6672534340209694,0.0,0.0
SVL_84,Sisal_village,0.12424991065355673,0.1554665064389079,0.16846909,0.1493951677939568,0.3646873503155046,0.019092301657303,-0.4925777908997313,40011.698873603455,4.350785466457235,0.0057962977200777,0.5603439816928381,0.0,0.0
SVL_85,Sisal_village,0.10704830928227241,0.10057985218275954,0.104300916,0.10397635921998256,0.252893749673326,0.0489417001665192,-0.369115645980655,36371.59535086149,4.350012753066282,0.0059498146401399,0.5617388109543434,21653.1423,0.0
SVL_86,Sisal_village,0.11485894605697428,0.1344129747901291,0.13188185,0.12705125627491387,0.28472299718541,0.0394599916337599,-0.3746464137868652,54660.42446098503,4.342483625183081,0.0081932982074172,0.5874151372339879,0.0,0.0
SVL_87,Sisal_village,0.11523152137328832,0.13225402334358652,0.12269124,0.12339226038441396,0.298139163540717,0.0551072770552275,-0.3966806640232351,54189.38668998692,4.346365863596995,0.0099486128922868,0.5862617130345023,0.0,0.0
SVL_88,Sisal_village,0.11097735116333042,0.13444132715785664,0.14264683,0.12935517085848397,0.2968453761178611,0.0837658871035336,-0.4001464354601624,40367.31968116206,4.3514526541294885,0.0068987606737369,0.5817599955311783,0.0,0.0
SVL_89,Sisal_village,0.08480506785956753,0.08672756417582785,0.090885185,0.08747260558021759,0.0873234420737539,0.1662833849341781,-0.3143997414312697,25042.847497657327,4.350234636554516,0.0073803679879284,0.5209074236776021,0.0,0.0
SVL_90,Sisal_village,0.08322215819475272,0.07915479870527822,0.07984656,0.08074117261835952,0.0694061297563557,0.1735626383151732,-0.3027684279094677,31375.184047495582,4.347849761138167,0.0103115106316307,0.564498529365002,0.0,0.0
SVL_91,Sisal_village,0.09208100408848229,0.08640122310480998,0.08305679,0.08717967327004549,0.1113558636878066,0.153129507332579,-0.3512443412237328,44814.56216963369,4.351129941842012,0.0072812538367143,0.6083064728529414,0.0,0.0
SVL_100,Sisal_village,0.11382086123202184,0.13164547168130367,0.1528424,0.13276957845717216,0.3019922165908278,0.0512560292588933,-0.4738073952700883,47072.65466769441,4.338636003286184,0.0138292228462216,0.6143401137441412,0.0,0.0
SVL_101,Sisal_village,0.10699011025209453,0.1521415081474966,0.14389671,0.13434277741749118,0.3113203588260672,0.0953392092534183,-0.4084367798649838,30909.315650985,4.347612122545475,0.0106102148717075,0.5314706010638228,2074.9936,0.0
SVL_102,Sisal_village,0.10838103664397442,0.10435670568182494,0.10030594,0.10434789318546212,0.285536494891481,0.0578665800424645,-0.3744884210909217,48562.569720966974,4.345574343448776,0.0080801752369072,0.566754793875454,18966.3943,0.0
SVL_103,Sisal_village,0.10054565005295278,0.11140484911714317,0.10084516,0.1042652190900747,0.222874084912954,0.1193325010180719,-0.3701462310600108,39106.99034279698,4.346084977611988,0.0089908363931472,0.6823899798526111,0.0,0.0
SVL_104,Sisal_village,0.08074519196569103,0.07404056959687973,0.06766457,0.0741501108896682,0.0533920771104258,0.1750793734824174,-0.2754621413230323,24673.759443252176,4.347464147957646,0.0099052338588379,0.5784087639293364,0.0,0.0
SVL_105,Sisal_village,0.06780255128581347,0.06323179963092188,0.06473067,0.06525500583151712,-0.0023402685167231,0.2163163325142668,-0.2549946063945692,12853.407921845212,4.341147319646831,0.0231022480368443,0.4051821874980181,0.0,0.0
SVL_106,Sisal_village,0.07074296592566913,0.06301840177905416,0.061927326,0.06522956457610064,0.000996127228676462,0.1988275886530547,-0.2410425447573631,10843.208291544248,4.34556045269782,0.0215825018513597,0.3063165768121363,0.0,0.0
SVL_107,Sisal_village,0.07713100732559025,0.08195451436482823,0.07711056,0.0787320268128879,0.0382269639990816,0.180124701856233,-0.2710995974803651,22654.58623664195,4.344106336207159,0.0157763030930818,0.4252736895462223,0.0,0.0
SVL_108,Sisal_village,0.07429902298395012,0.06972425546023334,0.06598482,0.07000270041795988,0.0575102733554017,0.1755861446264049,-0.3047080252944928,34116.41553520315,4.336253187565953,0.0135903310438404,0.6452703032243564,22661.2141,0.0
SVL_117,Sisal_village,0.08757672135602693,0.06782509108302232,0.06838605,0.07459595350586208,0.1810210114485373,0.1496697232863686,-0.3832019875565204,18016.642695126557,4.349756923490276,0.0104623506706743,0.6734336397447294,24657.7801,0.0
SVL_118,Sisal_village,0.08175753568679224,0.06785895945779724,0.06955906,0.07305851839390852,0.1339925525539432,0.1434810616528819,-0.3385667111794118,16815.436395392793,4.34601788615231,0.0089749518470053,0.6188283364094047,31878.08,0.0
SVL_119,Sisal_village,0.06896692317883599,0.06054648683392801,0.058912046,0.0628084854221484,0.0482065030739822,0.1853668063520389,-0.2989821522891777,17075.841184669596,4.342550162820267,0.0234507419543801,0.478219864492605,36463.4856,0.0
SVL_120,Sisal_village,0.06683887362821861,0.06375579740764978,0.059513703,0.06336945800816432,0.0075831693508971,0.2172954493359726,-0.2780002418727898,17407.285207177916,4.348635314467036,0.0169551052336268,0.4130207679345738,21627.8892,0.0
SVL_121,Sisal_village,0.06362850021598257,0.06308183529374797,0.06373924,0.06348319189308523,0.0057570775793971,0.2082152510456656,-0.270379066475388,6845.4309888938615,4.342748492378412,0.0177708315948686,0.3560402270920539,22871.9695,0.0
SVL_122,Sisal_village,0.06514150249931544,0.0600635807215636,0.05755586,0.060920314997328584,-0.010908508956465,0.202350270205851,-0.2263882623261851,16356.177952981225,4.3466833422402456,0.0143494823817792,0.2594274740261348,21280.9294,0.0
SVL_123,Sisal_village,0.06899836551315193,0.06181074116593121,0.06105171,0.06395360603972317,0.0126159852775843,0.1913378993554635,-0.2503877660981968,11202.858718569638,4.3482523510168765,0.0184115747873705,0.3382175558629498,20786.4658,0.0
SVL_124,Sisal_village,0.06669635289210682,0.05914036921663127,0.056516275,0.06078433230619181,0.0307926166604547,0.1972832101125835,-0.281709993989056,13813.210279710329,4.333939601200057,0.0197035745658107,0.6002554753123156,19728.9962,0.0
SVL_125,Sisal_village,0.1049445465094525,0.13147165558483667,0.12186362,0.11942660686245643,0.1630417598099151,0.0791981355468244,-0.2944495760363223,62608.04392416008,4.347666197901916,0.0072043360594757,0.5839257626067345,0.0,0.0
SVL_133,Sisal_village,0.07805784036802066,0.07398969284491341,0.070522815,0.07419011606734134,0.0229868166801137,0.1852657522915791,-0.2592194024224102,29374.739997865006,4.348116230982389,0.0078742602161376,0.5392512505363137,0.0,0.0
SVL_134,Sisal_village,0.08098623527015736,0.06936875254857836,0.07372899,0.07469466045125918,0.0636349110455896,0.1759644739317178,-0.3109910353123398,17606.981096689575,4.348736331355834,0.0103352241050392,0.5412519332819571,0.0,0.0
SVL_135,Sisal_village,0.06978232924889825,0.062467197319923916,0.05484511,0.062364878716923165,0.0167394400556373,0.1818174655832506,-0.2525260059914162,11661.553387350346,4.35088709755497,0.0125653227520689,0.4912803928541017,31671.4183,0.0
SVL_136,Sisal_village,0.06831000985690772,0.0598389001781038,0.061126076,0.0630916619066786,0.0196736569998844,0.1989899398295681,-0.2771464529491137,8153.70402201,4.348059732645142,0.0124076876798186,0.397582053222375,20208.4368,0.0
SVL_137,Sisal_village,0.06860876185435005,0.05997594586328803,0.05822315,0.06226928612938883,0.0237629755352457,0.1871278267947038,-0.2790612441542721,11305.86799850646,4.3412804339624245,0.0148674194099205,0.5168709703204065,22294.214,0.0
SVL_138,Sisal_village,0.06894723673158418,0.06230355779325581,0.059581958,0.06361091742743766,0.0001253410479221415,0.1858577785768134,-0.2322319857755465,16221.96960158332,4.343800320805936,0.0096934011342862,0.2648609516641044,10798.706,0.0
SVL_139,Sisal_village,0.07259588183651526,0.062113890670640035,0.05382344,0.06284440459138961,0.0103479262992755,0.2093570575777731,-0.269571378886203,9442.375342803212,4.349448489288092,0.0169017874649216,0.5318846597403916,0.0,0.0
SVL_140,Sisal_village,0.07530480778110364,0.05985924030994627,0.06690863,0.06735755861317977,0.0321482898455607,0.1919328716992077,-0.2732025716989487,10372.57834241197,4.3460102330601815,0.0121132430942697,0.6332574314772966,0.0,0.0
SVL_141,Sisal_village,0.11270410160356054,0.1155380735933834,0.112109095,0.11345042335170451,0.2516499937732701,0.0712848406934859,-0.3770091136579815,50881.673595286375,4.35346124402771,0.0055200262276957,0.6634424487346953,0.0,0.0
SVL_149,Sisal_village,0.07035198687289103,0.06415361074643484,0.05808733,0.06419764264362089,-0.0042103955857865,0.2004665414103091,-0.2232169055693395,23089.745554346457,4.341280687950381,0.0150946333692149,0.5072620222168013,2651.393,0.0
SVL_150,Sisal_village,0.059765264301071305,0.06453984816035013,0.064075336,0.06279348277389128,-0.0049210443256749,0.2196672881454525,-0.2494845251965232,7724.121686594959,4.335097354817725,0.0315570419797498,0.4523310407422508,24432.0069,0.0
SVL_151,Sisal_village,0.06521013087817412,0.0643240309894276,0.06029611,0.06327675755881702,0.0162954210366988,0.2112115379897587,-0.2773170002393766,7516.618107319443,4.338575211706886,0.0192215003895735,0.4101903507697871,12104.6777,0.0
SVL_152,Sisal_village,0.06840503630397105,0.0613201779449455,0.059546303,0.06309050575098098,-0.0126776271456106,0.2138539524221948,-0.2295176686119696,8810.181388015131,4.348230675721819,0.0095904974093766,0.4253374571325048,0.0,0.0
SVL_153,Sisal_village,0.08267291073867598,0.06692383987751903,0.072974175,0.07419030861032082,0.0469047190862663,0.1547232858647681,-0.2628117683493326,13105.006989672464,4.35271564578059,0.0080060485274747,0.4981093777671511,0.0,0.0
SVL_154,Sisal_village,0.07661987220266384,0.061200061276943316,0.059563458,0.06579446381515265,0.0361201070051488,0.1745592753771217,-0.2775781843327068,10725.713374781471,4.343581254780983,0.0149610730631008,0.52533714349786,0.0,0.0
SVL_155,Sisal_village,0.07718019577751434,0.06260376536483403,0.063706055,0.06783000547529827,0.0316914769002635,0.1691057415681698,-0.2564294727186678,15928.484712864309,4.341047483370298,0.015180684240795,0.6130902525057967,0.0,0.0
SVL_156,Sisal_village,0.08723740971894725,0.07039784902736457,0.07476345,0.07746623526419724,0.1247398610348576,0.148550599359219,-0.3366058942556048,14063.098810176589,4.347090802665663,0.0092592459333356,0.5714911353037602,0.0,0.0
SVL_157,Sisal_village,0.10625804334330072,0.14614744782389313,0.16602062,0.1394753693520646,0.2742676237147539,0.1026880685975015,-0.4444943378849808,36900.14249346908,4.346565432377475,0.0199625812037926,0.5238186931718699,0.0,0.0
SVL_158,Sisal_village,0.1280064021417643,0.1272473546028022,0.13181004,0.1290212653421372,0.3512403672607669,0.0268932131727185,-0.4296289632940785,90242.14833568055,4.350552103339174,0.0110027590727554,0.4358133302847534,0.0,0.0
SVL_165,Sisal_village,0.05296954387463077,0.05707037658158413,0.061223134,0.057087684951558436,0.0074767612619238,0.2080381087992288,-0.2568770341153332,10428.42946964822,4.346324794009703,0.0086667340623826,0.5485398889950692,82343.5531,0.0
SVL_166,Sisal_village,0.06807409208189565,0.06334160102743003,0.060759533,0.06405840876867112,0.0166456169432206,0.1891592077138933,-0.2637384372806101,5066.577457917308,4.338969491654269,0.0160191488359808,0.4239094177391216,10357.7048,0.0
SVL_167,Sisal_village,0.06531214655929836,0.06082384571771292,0.058046207,0.06139406636964778,0.0143253508493507,0.2224881328339449,-0.2913170705611284,6145.19419094992,4.336598464307909,0.0118836832529788,0.4633107015006724,0.0,0.0
SVL_168,Sisal_village,0.07434361093675469,0.061433198543559775,0.053078063,0.06295162410422332,0.0208228876425053,0.2087797460420042,-0.2694061983330431,20485.91885870924,4.349114271007842,0.0072664403344752,0.5977942985591451,0.0,0.0
SVL_169,Sisal_village,0.08949092507580074,0.09017011179001425,0.0760637,0.08524157896204275,0.0850227093673801,0.1452298667507231,-0.3011839835751586,30959.542026837626,4.349521195843495,0.0123852280350198,0.7042143626054292,0.0,0.0
SVL_170,Sisal_village,0.08933820705432295,0.10160018137243489,0.08910972,0.09334936907544962,0.0977639840470745,0.1442634497737331,-0.2915818920199181,34492.403800464344,4.345601548923831,0.0162248930656627,0.6902767354080199,0.0,0.0
SVL_171,Sisal_village,0.0865088543611412,0.07302397730751556,0.07855474,0.0793625245689689,0.1207326330122856,0.1540160548848347,-0.3266798253800631,18718.1107539496,4.344379648106746,0.0159315560154661,0.6095695917844048,0.0,0.0
SVL_172,Sisal_village,0.09471043849561511,0.09369776107201852,0.09100522,0.09313780685896271,0.2377746136471066,0.131292637009728,-0.4480959728562861,10332.689883718904,4.343407161728165,0.0153202656620919,0.4289264621001633,0.0,0.0
SVL_173,Sisal_village,0.10310462584556468,0.14326000170923622,0.1268482,0.12440427782627834,0.2855187854430293,0.097825037353366,-0.449316169803263,32801.93574885173,4.33898782681932,0.0229646984965223,0.3234380181945108,0.0,0.0
SVL_174,Sisal_village,0.1219243574408912,0.12263220629552779,0.10269874,0.11575176902659075,0.3606316304845454,0.0555553883322712,-0.4540156636208617,87297.8738786183,4.343840186558607,0.0094916785217179,0.4354775534950005,0.0,0.0
SVL_182,Sisal_village,0.07637227219746162,0.07048419380598969,0.07288608,0.07324751518441358,0.0345512689854129,0.1884625000679374,-0.2841981391398754,40198.63781280474,4.349195023231888,0.0088298462837223,0.647458908605709,22591.9168,0.0
SVL_183,Sisal_village,0.0877300384350149,0.08237212027862094,0.075569265,0.08189047443479201,0.1076354759627569,0.1863661565307485,-0.350382859432518,56337.77391070403,4.345681252230597,0.0076808637812652,0.7297122205178816,0.0,0.0
SVL_184,Sisal_village,0.09337227913000228,0.1075467481451124,0.10101557,0.10064486501821857,0.1717475620908276,0.1389522273634549,-0.3971801067432925,26073.58002692408,4.344792848803779,0.0129410301703708,0.6289503474309116,0.0,0.0
SVL_185,Sisal_village,0.0943445558510507,0.11878723872551909,0.11501181,0.10938120194432616,0.1636215057510685,0.1429856241073797,-0.3924364744434651,35039.89615266366,4.346219973663678,0.0183952703948324,0.6020188566327226,0.0,0.0
SVL_186,Sisal_village,0.0995864588286545,0.11061660119187444,0.11297344,0.1077254989112492,0.1717529020209094,0.124768992719321,-0.374536538503757,49395.97172634592,4.34765349669276,0.0158517274301941,0.6430898556432404,0.0,0.0
SVL_187,Sisal_village,0.09064034247089062,0.0769100997909599,0.088497594,0.08534934542025317,0.2060822531200873,0.1300479608454181,-0.4086375267820437,11971.224569162772,4.337525210078648,0.0135396919511265,0.4390819822541366,0.0,0.0
SVL_188,Sisal_village,0.0869542135720792,0.0930688517653163,0.11204649,0.09735651765560305,0.2469801171012854,0.1562644461584086,-0.473015716041256,4935.252679177577,4.3346751454515,0.0113158629556731,0.2891521223225752,0.0,0.0
SVL_189,Sisal_village,0.0956497404760425,0.10936065725166351,0.13968502,0.11489847252614564,0.2730597463264221,0.1212986952978509,-0.4580680861065189,11035.147783889,4.337466344031609,0.0140028578924152,0.4038773863935772,0.0,0.0
SVL_190,Sisal_village,0.11264953541408423,0.14210571551748305,0.14305663,0.1326039606732747,0.3236767601433158,0.07041741756871,-0.4536025471406477,29003.15181366431,4.3479905756441495,0.0191783032196675,0.5200962199586258,0.0,0.0
SVL_191,Sisal_village,0.10691998406467981,0.14932353536027262,0.14902395,0.13508915650829917,0.2832688974884086,0.0990610425503323,-0.4550042584085829,34797.59361977338,4.349053024858492,0.0149703046568671,0.4132296575256504,0.0,0.0
SVL_198,Sisal_village,0.11096647126216155,0.11150983369315955,0.13218662,0.11822097546095238,0.1901430058143899,0.0914262554984487,-0.3409233209520512,98286.4772942672,4.352425918669919,0.0058436265419609,0.7735442884401647,10600.2192,0.0
SVL_199,Sisal_village,0.10397562912684039,0.12102240881721894,0.110227354,0.11174179727164267,0.1295791679150821,0.1149921027565557,-0.3192782312798638,87247.33414386305,4.349986176977255,0.0078419082606979,0.7155719134675188,0.0,0.0
SVL_200,Sisal_village,0.09030093124055752,0.0721404981752144,0.06770775,0.07671639221225499,0.1232578045054651,0.1487043489763677,-0.3797087597433629,20225.15127320514,4.34854888032854,0.0125519152980978,0.6959581936441658,0.0,0.0
SVL_201,Sisal_village,0.08568212537078725,0.07110572798779304,0.08011922,0.07896902525371764,0.0772627006487532,0.1439949462399809,-0.3166637857276955,6025.737470635047,4.346451947094557,0.0234842254521364,0.7005761300335346,0.0,0.0
SVL_202,Sisal_village,0.08356178410812401,0.07093352647884671,0.077913776,0.07746969554234931,0.0911963756739367,0.1598981758522033,-0.3398224132431536,9114.44737354182,4.345942176348125,0.0201121459758254,0.54562888507425,0.0,0.0
SVL_203,Sisal_village,0.08843286383013724,0.07648631921286378,0.0632545,0.0760578936627699,0.2143884524094287,0.1412416897102156,-0.4233345835925906,8346.708704638311,4.332455782220621,0.0134363403577886,0.6034787099232882,0.0,0.0
SVL_204,Sisal_village,0.08870096462717765,0.09777384216539355,0.13284734,0.10644071523581415,0.2522494239245213,0.1550877537351063,-0.476825034159963,14185.75192833021,4.331923484093164,0.0084296104540824,0.4726246566519341,0.0,0.0
SVL_205,Sisal_village,0.10151239090285924,0.12235404165236172,0.107458934,0.11044178891437002,0.2698367954194065,0.1227904334513628,-0.4622323172010869,38790.652665719404,4.344192500108113,0.0091038453927247,0.4249129808168074,0.0,0.0
SVL_206,Sisal_village,0.11661921583213852,0.13454260238779647,0.14048474,0.1305488511965391,0.3086574513394831,0.0602785160115895,-0.4266624676810723,51030.17003214788,4.351283093348065,0.0103763608182988,0.5360593885245104,0.0,0.0
SVL_214,Sisal_village,0.10388718757304964,0.09782162492116626,0.09317098,0.098293263541042,0.2120093495587871,0.0743077309149553,-0.3328235018337941,114800.4430649124,4.349585649050267,0.0094488105746561,0.7175551337421023,63633.6801,0.0
SVL_215,Sisal_village,0.10112659439421681,0.09906647625302181,0.09233986,0.09751097635332708,0.1681636813457138,0.1198721536759182,-0.3693014382243901,76788.53237254088,4.347608880320985,0.0075663643209188,0.647432866288989,9702.4265,0.0
SVL_216,Sisal_village,0.08568414134532629,0.06711811714546412,0.062482297,0.07176151863709737,0.0954160914644612,0.1618987137660885,-0.3978263767445347,15467.287807830327,4.347015391071002,0.0081948440130054,0.6722127065662428,0.0,0.0
SVL_217,Sisal_village,0.08678753401224877,0.07363630780156316,0.078780904,0.07973491540869383,0.0608612144455906,0.140345826097506,-0.2954003455809328,12355.286859121565,4.353147216048635,0.0117927364872044,0.5868231113413642,0.0,0.0
SVL_218,Sisal_village,0.08936224395477368,0.07472157322070251,0.08175065,0.08194482361987182,0.1234178745094254,0.1407045570279454,-0.3455666708935305,8041.198721785866,4.352937481824887,0.0101023366337861,0.5074921399863623,0.0,0.0
SVL_219,Sisal_village,0.0938262926301531,0.07522536800721326,0.073166154,0.08073927165412492,0.2173425413138301,0.1503608545888544,-0.4408578105629198,7399.703795489105,4.350847389688262,0.0094069934675144,0.5774606335998823,0.0,0.0
SVL_220,Sisal_village,0.09728221210366242,0.1091051287347762,0.13786043,0.11474925770187588,0.2271892853145271,0.1264981425500843,-0.4300279401974935,23722.13392395388,4.344762422025125,0.0096443793704412,0.5479238996493392,0.0,0.0
SVL_231,Sisal_village,0.08280966219682659,0.07814981517450517,0.08106799,0.08067582138589909,0.0780087741352932,0.1322998632034177,-0.2851861815485964,24105.762276340323,4.352905628553325,0.0035327336708465,0.4746119501534745,27523.8389,0.0
SVL_232,Sisal_village,0.08755015991343075,0.07790629222950539,0.08358805,0.0830148336528878,0.1460540916834005,0.1072302571454754,-0.3452989217339173,14803.444542205363,4.344117431219023,0.0035735073584087,0.5517016517018921,23088.0485,0.0
SVL_233,Sisal_village,0.10772835235317924,0.14769534339411974,0.18140295,0.14560888240875236,0.2561140617165349,0.0941010256587485,-0.4286501121170293,36342.28156825115,4.353509370111588,0.0038266117444795,0.5461611173718389,0.0,0.0
SVL_234,Sisal_village,0.10570333620400134,0.14115576090689003,0.15405677,0.13363862323352496,0.2683957096905877,0.1047451624274847,-0.4324875007853174,23927.935550682258,4.353741458929681,0.0081731893997541,0.5612530097057742,0.0,0.0
SVL_235,Sisal_village,0.09401085272173673,0.07600468864716757,0.070625015,0.08021351865734742,0.206184427751299,0.1398334737794175,-0.4201852855635003,6967.297885241054,4.353741458929681,0.0080999732979506,0.380213851636941,0.0,0.0
SVL_248,Sisal_village,0.08993281310650234,0.08605454035567342,0.09180533,0.08926422829038443,0.1416605755303064,0.1026858456018842,-0.3251647536610481,23532.85026969094,4.353352496521588,0.0052298650071759,0.5473799307818116,34239.0961,0.0
SVL_249,Sisal_village,0.11205893320473759,0.13800900217159884,0.12998688,0.1266849391953714,0.2814378885500252,0.0702737950925879,-0.4176644628768562,34013.52856028774,4.353741458929681,0.0054448476128497,0.5603550916189695,0.0,0.0
