zone_id,settlement,NDVI,NDBI,MNDWI,Contrast,Entropy,Homogeneity,Correlation
MLM_2,Milimani_village,7.411940569381036E-4,0.219089945655583,-0.25419288484676916,8988.58518431132,4.3466942827922495,0.016876161176796613,0.25871904410171204
MLM_3,Milimani_village,0.002886552927135448,0.1866489030634568,-0.22772530337303537,7704.088061491926,4.349485822216938,0.011685791030118122,0.40949027092110735
MLM_4,Milimani_village,-0.012489171485703474,0.18775431713560786,-0.2054906331001376,8877.577603344786,4.337712917405973,0.015364580483692164,0.3950679109564422
MLM_5,Milimani_village,0.005589866430480357,0.20633630600287753,-0.2613732773811333,12546.19823759093,4.351254369532882,0.016071335625951873,0.3222073969793789
MLM_6,Milimani_village,-0.007075971097932815,0.2602044337433235,-0.2836836097697368,35908.32983500418,4.353727640205986,0.006795743375246354,0.5428758348149264
MLM_7,Milimani_village,-0.015215049051819366,0.2304835967020971,-0.2390245401906434,31952.612434061713,4.346144203240948,0.013799867049209396,0.4996847552164696
MLM_8,Milimani_village,0.003790291216879099,0.20924667375662617,-0.2680211012582816,19008.900285837073,4.324307392480444,0.01996881178745031,0.4089204152118285
MLM_9,Milimani_village,-0.0037532861893726757,0.2262187386029451,-0.25925680307787474,15106.193043833518,4.349841173762222,0.007949183664701643,0.5169453488941773
MLM_10,Milimani_village,0.009779886011227078,0.21400855769258012,-0.24937092794577392,7159.143872833528,4.33951572183694,0.009679829231417532,0.4827254713568278
MLM_12,Milimani_village,0.1933947121370297,0.1163720460153167,-0.3499418072149391,47041.193159560644,4.342897966922731,0.00908614266128294,0.7654195218818589
MLM_13,Milimani_village,0.01592887359827049,0.20013238696522645,-0.24778744637531624,21165.64397843884,4.34840401607106,0.012882493474771665,0.640973579795997
MLM_14,Milimani_village,-0.003932045245056211,0.20196524847169375,-0.23601981117199516,6464.725920733178,4.342374662800191,0.02189773245241069,0.38663935534759186
MLM_15,Milimani_village,-0.006941150202558929,0.20156675564850995,-0.23426716351369473,7024.939511952018,4.340417482393356,0.02180782836365811,0.3767475620584807
MLM_16,Milimani_village,-0.010024717768139704,0.19790357174187642,-0.22675252572659851,6855.767366851113,4.342483935548903,0.016544050090831718,0.4296391780109309
MLM_17,Milimani_village,-0.004005213445941265,0.20181696077427327,-0.24366231670133065,13549.516648196664,4.352199562808966,0.011613644079208145,0.37677618935574686
MLM_18,Milimani_village,0.0041534868445180185,0.21061259613008912,-0.23734921886626326,22497.590154041878,4.353741458929681,0.005564520912077686,0.44512667110808835
MLM_19,Milimani_village,0.05528750109367816,0.1920750999451721,-0.2940196622621006,35436.86021948221,4.351932306562158,0.00650274716976894,0.5806780499765642
MLM_20,Milimani_village,0.07478260830872445,0.1715032797773767,-0.29768912903659733,46209.99337515483,4.347003562385779,0.006128168026949766,0.566012673734413
MLM_21,Milimani_village,-0.02264190200491931,0.23534104548020338,-0.23675210687211135,34510.93346412656,4.353224054330523,0.0067885011094233946,0.43985493881648574
MLM_22,Milimani_village,-0.013418807936230298,0.23192567212310292,-0.2527810795202415,15890.183454401751,4.353574428194794,0.011200331660250633,0.5311646748618244
MLM_24,Milimani_village,0.041913580066189254,0.1441693669971125,-0.23339670170856083,36417.65826569547,4.349066159323855,0.011951660179238256,0.6500907632593234
MLM_25,Milimani_village,0.003851846224688244,0.20017134087954688,-0.2486884703713923,15725.92595230012,4.341731142716753,0.02158639045964345,0.5564433031217498
MLM_26,Milimani_village,0.0371571007356799,0.17091230759357567,-0.25864781067552056,17133.005992952647,4.345780194660068,0.01969253368591603,0.6399124023657425
MLM_27,Milimani_village,0.02430539375854432,0.1883448464559766,-0.26132178550322904,14958.628516369201,4.343961736221915,0.021529366927716637,0.44765388266786577
MLM_28,Milimani_village,0.03625532869972876,0.20894310218584466,-0.279677451416951,14792.807268264436,4.349522732404756,0.019507235126664173,0.39442038696776077
MLM_29,Milimani_village,0.018002042375442378,0.21114044884397312,-0.2642229048805591,42170.423626500386,4.351108427653203,0.011811553984516603,0.509341220793504
MLM_30,Milimani_village,0.11397769316927214,0.15783530792265604,-0.3203236600264163,78587.4377592858,4.352936691134779,0.005240240543204258,0.4558067040023689
MLM_31,Milimani_village,0.12382460459630151,0.13543724075646116,-0.32136111747269164,54699.737829848294,4.351483682467209,0.009321937544588188,0.530580041234934
MLM_32,Milimani_village,0.16703265300161693,0.16272574054778194,-0.3794532186305191,34462.57857634072,4.350748873478403,0.011576438644695462,0.4862550257768206
MLM_33,Milimani_village,0.1340796880134576,0.1630129629311139,-0.33061143526857517,31552.382939150546,4.353741458929681,0.007658656743865191,0.4890481137437959
MLM_34,Milimani_village,0.019262090780632544,0.19463120296189415,-0.26328301557809813,32250.67388912974,4.353741458929681,0.007154737946431331,0.4527258479386865
MLM_36,Milimani_village,0.08427211877595518,0.1681394414273325,-0.29030218501285643,23907.00808492688,4.350120939504496,0.020369766767500415,0.43104737490334166
MLM_37,Milimani_village,0.05675591690978624,0.17423445881800761,-0.26390371447469263,47263.72078075916,4.343413572977078,0.018548465996507207,0.47663972609025396
MLM_38,Milimani_village,0.09359020170360076,0.14331895016364513,-0.27220926641512183,53525.9266048671,4.349470446662693,0.00927383206359821,0.6452556406119406
MLM_39,Milimani_village,0.0242324818261539,0.20425588223686184,-0.2558914749779233,36942.2745449039,4.353741458929681,0.0033178650412739514,0.555578710391036
MLM_40,Milimani_village,0.0953020553744273,0.1390797709819128,-0.2762406720472769,43827.133898775035,4.349947666093628,0.0069277058938855786,0.4231560707212198
MLM_41,Milimani_village,0.14784250524537132,0.11878322574560024,-0.32307549633995325,118396.51798972354,4.350034654795614,0.009219080306173215,0.5067224924678522
MLM_42,Milimani_village,0.13782210625833294,0.16738186144515904,-0.3749337005084969,137392.1292566084,4.349529061427779,0.01938514612360971,0.5682356394951313
MLM_43,Milimani_village,0.1337029766040864,0.17252369814193408,-0.3765377216936352,53989.181836083706,4.352157923172647,0.013334383908111752,0.603054544009905
MLM_44,Milimani_village,0.2851115020145576,0.043822654187865774,-0.3825197924215825,32385.49692633163,4.351478087891967,0.005414759801758672,0.6436816754641003
MLM_45,Milimani_village,0.09058188096096557,0.1593944626456925,-0.2929580972881711,20072.278434800246,4.339982288332769,0.013297372576707277,0.5787727514210461
MLM_46,Milimani_village,0.010897726859717948,0.19646035626911246,-0.26420939273684146,22885.11366238236,4.349732786945185,0.00847538659678856,0.3618998252065114
MLM_47,Milimani_village,0.061074796055512116,0.1604703244169354,-0.31260590432611185,67173.18587411816,4.352562389125488,0.007316815582990735,0.6930011073912714
MLM_50,Milimani_village,0.003830695543938482,0.20993196323359975,-0.24247599973391765,36171.61574802625,4.34812833651281,0.009836014181869234,0.38283712531381203
MLM_51,Milimani_village,0.09938697364750551,0.142147013815126,-0.26969295177383146,30937.80659474634,4.352028616745118,0.006084682258291298,0.3626151684544977
MLM_52,Milimani_village,0.1562550190784515,0.1388241644082198,-0.3492847969621082,55225.92015596272,4.353669833424641,0.0027070788048516917,0.3575245179702106
MLM_53,Milimani_village,0.23393852081025143,0.08086183609833177,-0.37244971675175187,135202.16800765076,4.35372819457966,0.0023205776887475597,0.3690838623729658
MLM_54,Milimani_village,0.22043413079049917,0.06079017737966749,-0.3457322636438326,150554.75614713834,4.353706177567317,0.007985333201217762,0.36579033273941675
MLM_55,Milimani_village,0.1638273569036058,0.0772434015033302,-0.3180737754995504,91728.99479047315,4.35370902904074,0.011812930034512264,0.4081996413478033
MLM_57,Milimani_village,0.03076119304964585,0.19283149341954692,-0.26509251045086285,8610.966844479144,4.341780927467053,0.02397646976893199,0.4058541420534707
MLM_65,Milimani_village,0.43151682784575135,-0.039377068605216545,-0.40002181650014546,124839.55522378776,4.347471798127636,0.013739125806703537,0.4663444531087411
A48_1,area_48_village,0.010511231736293425,0.1839214231175591,-0.24220987672414174,34861.210976020724,4.351393953096863,0.012828841552052769,0.4207388700515247
A48_2,area_48_village,0.020193677838466366,0.2022521614583243,-0.2569453981630854,26338.40963720689,4.351802269976942,0.015293908017243585,0.4263465317688126
A48_12,area_48_village,0.025695798451037366,0.16009796552708816,-0.24205155280679283,51551.44429629337,4.334731292212058,0.020863330636337864,0.3569909969365424
A48_13,area_48_village,-0.015169447543533462,0.20039650860471783,-0.22446627656608958,44354.37540799348,4.34670435400129,0.01756902035199124,0.49739602366498614
A48_14,area_48_village,-0.012474324934098394,0.21395163543363102,-0.23097189904517482,29614.285572318,4.351181863709632,0.008832638128608898,0.4541107080384875
A48_15,area_48_village,0.013214346234098588,0.18885694155020102,-0.24784953821904,31433.8386682874,4.349837646822476,0.007454363620925907,0.3468084480515467
A48_16,area_48_village,0.0185642397464019,0.2146927691675966,-0.26642752873435815,21748.13504966802,4.349452884909488,0.011290963386408559,0.33679895172990154
A48_17,area_48_village,0.18368736044449654,0.11451924770287787,-0.32202572723101175,24161.87480409747,4.352146029402422,0.008231512861658234,0.3310641447297086
A48_18,area_48_village,0.12390065119220138,0.14989702468917873,-0.3112086448569689,43615.37987908149,4.353741458929681,0.0037724232613141682,0.3198311543905521
A48_21,area_48_village,0.019937754182101208,0.15826034688902313,-0.2161648496732004,45939.455718839454,4.353741458929681,0.012377613987867965,0.31112354095308414
A48_22,area_48_village,0.021409911963521714,0.1774447349729135,-0.23878571892892686,20690.397890323744,4.353566633672278,0.008326959219124267,0.3515190937699029
A48_24,area_48_village,-0.013330208896306454,0.22519670313553872,-0.25400602712561826,29854.7427700408,4.342477870439016,0.01916750576721952,0.5023788819342438
A48_25,area_48_village,0.009747146423635271,0.18907078951692977,-0.2754910825120479,18826.843348680068,4.346703732394254,0.013601242260550171,0.4125019005382945
A48_26,area_48_village,0.06014702328135402,0.16349342102668646,-0.29618664133477485,14212.396212958192,4.353034517003092,0.010225782363258652,0.3382760207969062
A48_27,area_48_village,0.04694741628293619,0.16984196604491772,-0.25511362336213855,28118.62920545948,4.35206018707043,0.010665192648123843,0.48158020498574006
A48_28,area_48_village,0.0052475691860192335,0.20605186435089037,-0.25910670767779714,19126.263456076114,4.34620839873267,0.018783563611325244,0.4550145775207716
A48_29,area_48_village,0.03979524478891401,0.18351549797009145,-0.2917777845708271,18978.204057841165,4.34753373704006,0.010163060571025789,0.2711856086595045
A48_30,area_48_village,0.09456290896223743,0.13067247055861006,-0.2812916287793751,49117.78733829553,4.34745869697523,0.013546319325018695,0.34800722742808454
A48_31,area_48_village,0.1256101124118901,0.11580505061810205,-0.3087385602671483,92337.17377815262,4.351797411640244,0.010468397331744208,0.6270417479008681
A48_32,area_48_village,0.112752497976717,0.10722865620907826,-0.2601681138402647,103291.22632415983,4.353741458929681,0.007067198825236121,0.5109746013192795
A48_33,area_48_village,0.0015759633046989981,0.1649081455514235,-0.2068617306850093,53103.025090255236,4.353741458929681,0.008727167453395092,0.47937445617186125
A48_34,area_48_village,0.021589486118011904,0.15842511440497126,-0.2323714873778686,24075.667222154265,4.353741458929681,0.0054244740042657,0.30601505063403384
A48_36,area_48_village,0.018225059981585884,0.2336867532521362,-0.3044211619752143,37396.942766395,4.342037428498298,0.012705214806034048,0.5044820062561507
A48_37,area_48_village,-0.005548302406999745,0.20806719752671854,-0.24599668593152524,63489.07322943811,4.34677398841861,0.0077869974277409125,0.38012540510163956
A48_38,area_48_village,0.01063521382927815,0.18921223484228317,-0.2604108702956707,11531.781927990402,4.346736718705559,0.00854201111750725,0.3743391164043369
A48_39,area_48_village,0.0059687964212678715,0.20703789031366646,-0.2524234542960559,18038.095091750703,4.3422559702882655,0.01544349962909625,0.5760249507976228
A48_40,area_48_village,0.021376792395890104,0.19434473032449226,-0.29278333622691427,10207.995782797183,4.343137698741928,0.023253751076629685,0.4522560363104038
A48_41,area_48_village,0.046827667353530666,0.18923393076795952,-0.3108376598610294,16723.690712122596,4.3468333752708155,0.008383955416754678,0.23765041201323056
A48_42,area_48_village,0.01579464179477068,0.17237386903993393,-0.2343385495967449,21827.1053301403,4.34805786733469,0.01001523762639678,0.33790576843852743
A48_43,area_48_village,0.016752281845490068,0.19024946951286545,-0.2714489981261167,48240.8894375732,4.351527886960472,0.01156873009673836,0.4874750799674851
A48_44,area_48_village,0.01682738745173784,0.1837645940021801,-0.26654833072244744,84638.52004004951,4.353741458929681,0.007120576220027689,0.541892341973524
A48_48,area_48_village,-0.006892767168129661,0.21764691948028875,-0.24977406777739755,15246.723030843279,4.3490930190517965,0.008079808853998305,0.3232927675230809
A48_49,area_48_village,0.010858716186203637,0.22870908830123282,-0.2836401045249989,20059.059295936673,4.348441905449518,0.01126141111097926,0.285598357890592
A48_50,area_48_village,0.025731299117264708,0.2065577937771376,-0.3111201549963254,10196.01614921978,4.352014528514316,0.009007898353768973,0.4988532272078946
A48_51,area_48_village,0.05434452349853249,0.17110177596201917,-0.29056502924242933,23534.482146123064,4.352929736955418,0.005087550278559093,0.5451028152274432
A48_52,area_48_village,0.04692541088874004,0.17624179682728555,-0.2948420402370635,19066.096617369967,4.347307865697532,0.016500326149120132,0.49752570678233904
A48_53,area_48_village,0.04326938018944994,0.17935063952416866,-0.31526799635035435,14506.244772216414,4.347297955934825,0.012987700126247897,0.41459875539493346
A48_54,area_48_village,0.03195276085110659,0.18326041441199087,-0.2879397183604962,16569.83741995226,4.349033258873225,0.005697340973795588,0.33605233021065667
A48_60,area_48_village,-0.003544694796150942,0.20940048208514267,-0.25407620818353244,23738.746029472157,4.344260319999534,0.0045697071327711666,0.47950741700298527
A48_61,area_48_village,-0.015198594963689855,0.22220860051835237,-0.2354505547094492,16740.051626331035,4.338244633902794,0.011460515556778272,0.50859340667954
A48_62,area_48_village,0.03404386500332394,0.2147209590824859,-0.3312127015384884,17385.542129183803,4.3430812748613,0.012847445656377021,0.5408880838752259
A48_63,area_48_village,0.020724066384407224,0.18430940878924076,-0.2611412280478511,18980.089716741873,4.346787499990367,0.015799390485820897,0.48513865110214305
A48_64,area_48_village,0.030884350176509465,0.18348087233926072,-0.30076720754339364,26805.438822235436,4.349848374094708,0.012172397257706136,0.4954357357569416
A48_72,area_48_village,0.03262529548596201,0.20379460428252902,-0.2838876009919271,31254.746354013885,4.351866317441904,0.0054906393907095865,0.4133678849572144
A48_73,area_48_village,0.013502079964969103,0.19320229842986134,-0.24538740419340474,31253.210562760498,4.34193990365392,0.009165115542562994,0.3739574155862662
A48_74,area_48_village,0.03728727103830986,0.21321467361033403,-0.31522118897743273,27282.103993900604,4.345519087004595,0.007774826323277071,0.32097487751120163
WPW_20,wapewape_village,0.027562592063344687,0.16710143253018492,-0.258734313281163,18052.395268471646,4.3490527435707165,0.011923897463164631,0.33904168538283885
WPW_21,wapewape_village,0.0363939731972076,0.16053521830032436,-0.2790235189540907,28921.75980232563,4.353105143587957,0.004290294249141791,0.503157380760652
WPW_29,wapewape_village,0.0030798448204709407,0.21353237396987507,-0.2519647029274737,9503.157776219647,4.350343442084482,0.016418458066914773,0.4258884737509816
WPW_30,wapewape_village,-0.0065537118762783765,0.2057029195375818,-0.23804187855761183,27565.68968074545,4.344677693742084,0.009411419156792666,0.5496907710022475
WPW_31,wapewape_village,0.00767200062309031,0.20390260734846316,-0.2599335044681466,34965.596005598614,4.339088735216109,0.012291434960677226,0.5173050446955919
WPW_41,wapewape_village,0.04876284549325177,0.17270918757556622,-0.29593964482938334,21797.20590020279,4.351861280401364,0.007447570129396161,0.21380550168440351
WPW_42,wapewape_village,0.06318091523717133,0.1660973229121614,-0.29870725234387546,11765.532520301334,4.34837677968661,0.016718415367344096,0.3111581679253289
WPW_43,wapewape_village,0.0424812926285899,0.15069072780754575,-0.2389812133020108,18323.523111635368,4.348109326425506,0.015520576514632378,0.3055705806564095
WPW_44,wapewape_village,0.022334763665580994,0.15175301646237657,-0.25092107322586055,15980.123891991128,4.34714057431814,0.0019359137416658143,0.3479330827397074
WPW_45,wapewape_village,0.05171996445069413,0.17016953825802741,-0.3169874958428936,17392.95916010823,4.3502091347827045,0.0026274704179569436,0.45758165343568774
WPW_51,wapewape_village,0.015160906554005508,0.15911941064042934,-0.23688972569936367,76069.25796687722,4.346578519959634,0.006459184979291886,0.3409452112854182
WPW_52,wapewape_village,-0.00997548979226141,0.1844909914386165,-0.21151596623523797,38564.05699548309,4.353741458929681,0.008451148660412465,0.3887618342976776
WPW_53,wapewape_village,1.217210700953299E-4,0.19224747568178946,-0.24035167462215573,45684.934029099706,4.352571846257602,0.0049674843083620385,0.6188307916836799
WPW_54,wapewape_village,0.008883162130924984,0.22481315647294212,-0.2803209516429224,35012.7790937299,4.343391636672359,0.009210908493895067,0.6990460958837633
WPW_62,wapewape_village,0.016645289422353916,0.1891680013695334,-0.2599270572197121,87317.7767266302,4.34833362782338,0.006638060088202553,0.5305653261966452
WPW_63,wapewape_village,0.01894231277821621,0.18765241728584908,-0.2628939686749501,52298.594873732465,4.34800944157463,0.006080761547394905,0.471440944026414
WPW_64,wapewape_village,0.03938312855876543,0.18825101846476805,-0.2709236207623547,28888.379729633947,4.347428950423571,0.014587007358000401,0.26814775834187116
WPW_65,wapewape_village,-0.007485368510206771,0.17894486441940433,-0.21314660194639998,10222.07604913473,4.341234769147677,0.01840479801004891,0.36612296505929665
WPW_66,wapewape_village,-0.001532620645092579,0.16547965042804935,-0.2172295565854829,13838.904827088425,4.3524509104598215,0.012852478172492096,0.46615985955069456
WPW_67,wapewape_village,0.04221696108003949,0.13527488780173094,-0.25160058234633137,18219.525165658742,4.347149222529647,0.012381477443703715,0.5052710826591382
WPW_68,wapewape_village,0.10849270510480617,0.12492781398801794,-0.32104501054483797,18064.250972623977,4.349305670543622,0.005498587274182259,0.5890637550635053
WPW_72,wapewape_village,0.008850803795501565,0.21971730475035903,-0.27014444554704786,55712.01448799215,4.347657577812946,0.009788018414946906,0.4780605913009764
WPW_73,wapewape_village,0.0032650651031758994,0.22172214189425785,-0.27986243160211327,62103.92558711872,4.3509679187885375,0.00691101982254224,0.4927575280262446
WPW_74,wapewape_village,0.02120212190624356,0.1683886363690722,-0.23558321382970845,37195.47571870942,4.348238565785127,0.01002663071183477,0.4412455142212897
WPW_75,wapewape_village,-0.004571064421293696,0.1901529338406477,-0.2414641455759988,33995.42751078067,4.349234731097275,0.013668532130840407,0.5065837116659104
WPW_76,wapewape_village,0.009988574594080153,0.17338209131876192,-0.3013921852705407,37858.89105839599,4.3420980456279334,0.01198198743088572,0.41157394561598165
WPW_77,wapewape_village,-0.011626908489893154,0.19811009482815833,-0.22447470273857054,14835.126689876939,4.3386882716178965,0.010418765546830088,0.314605019527535
WPW_83,wapewape_village,0.047323152704130844,0.14250110217386994,-0.26305682028482247,12611.02607501019,4.3454138787455525,0.011243706533311892,0.35544740888682735
WPW_84,wapewape_village,0.03482778902657113,0.14740185559338342,-0.2441683378369145,43977.19067559666,4.346835486100683,0.013779128843821719,0.5622434805772155
WPW_85,wapewape_village,0.013569641495652266,0.16251174803799354,-0.2328514519539944,74018.55317970186,4.348876864418471,0.005841496238844401,0.5481264840778736
WPW_86,wapewape_village,0.05198358000047978,0.16887490302143898,-0.25312592604519346,67508.91413716122,4.345204004567242,0.0053211263568607,0.48095200850385267
WPW_87,wapewape_village,0.07172082127311023,0.16358906510899104,-0.265454374308254,66675.7519368711,4.349768800126894,0.011216584689883569,0.41332225582182275
WPW_88,wapewape_village,0.02376279087399444,0.15983536699228285,-0.2519446847243991,24482.290014074344,4.345380748785226,0.014230406409841804,0.5399442058905474
WPW_89,wapewape_village,0.059711282057941614,0.14379513074979375,-0.2538078814905194,21545.805931355128,4.35164547283021,0.007415379585701974,0.49512813069850115
WPW_94,wapewape_village,0.027750040744550394,0.15819771955457054,-0.249184939802669,30505.155498092136,4.350284449593272,0.007019202559652564,0.38843249334221175
WPW_95,wapewape_village,0.012597026811355124,0.18948540227377605,-0.2818052668353223,22057.540473268386,4.3399136421330775,0.016611974763742838,0.47303735555256643
WPW_96,wapewape_village,0.001269864707112656,0.20838129799982044,-0.26338663803050283,19474.6610303484,4.34362881590662,0.01616515464474944,0.407079590378219
WPW_97,wapewape_village,-0.009712483665137937,0.19689023236189912,-0.21614681989146453,12901.787305818114,4.3510471544688185,0.014524346302766751,0.4416761602579404
WPW_98,wapewape_village,-0.020653546163744124,0.23540939762571672,-0.23994291033320034,20771.973752385682,4.341496746136244,0.02069402433177734,0.47249922193779426
WPW_99,wapewape_village,-0.020151352853199887,0.17752747598484997,-0.19671075516729694,58516.98896784333,4.346229966661244,0.014607284034937182,0.4317648493862375
WPW_100,wapewape_village,-0.0013149490055653001,0.17540766793482612,-0.21269336147777235,55602.81214800273,4.34878107504285,0.008224657371387813,0.4467457671029321
WPW_104,wapewape_village,0.0377855202853396,0.18124776455856031,-0.30283999394815264,38681.54490026433,4.349575637841286,0.010222320586967114,0.5060726436531928
WPW_105,wapewape_village,0.02244747577026598,0.17440373770439588,-0.26933085140482477,46644.69538814082,4.352544969768239,0.006244873312922713,0.41415978951380594
WPW_106,wapewape_village,0.014978018911644317,0.15021197944256573,-0.24647045294801564,13991.245711835872,4.350568396030757,0.011169723432578185,0.3881654653932942
WPW_107,wapewape_village,-0.011924124265302236,0.15481795019033812,-0.1974011375859631,9312.78767768825,4.345627501184391,0.010714099779879497,0.3611714130348457
WPW_108,wapewape_village,-0.0030493090891054544,0.154093007850494,-0.20928351392965716,23870.778306919765,4.347792060273459,0.005694981667517165,0.3925887142155464
WPW_109,wapewape_village,0.01846930342618798,0.17290196489950468,-0.23708269580433125,49614.80258635911,4.351760288607084,0.003854865146059813,0.3589867499603888
WPW_110,wapewape_village,0.022697810817953887,0.1598391316238225,-0.239190176334213,46224.72162637675,4.353193306822607,0.006013554667101239,0.4060129798533958
WPW_111,wapewape_village,0.057746547054137426,0.12417578648823817,-0.23368645302315413,45236.52539336046,4.352023607953702,0.00853511021793281,0.5411874949417294
WPW_115,wapewape_village,0.047500372893878456,0.13091818854380813,-0.2541582223348361,36108.91531035299,4.345489706780158,0.0018205691960058257,0.6364130736583387
WPW_116,wapewape_village,0.016500205571084395,0.1442262920591822,-0.22497780663347994,66784.50755598498,4.349429959772998,0.007845747179084234,0.5416529624579643
WPW_117,wapewape_village,0.006131761560805825,0.17492507794880613,-0.24223759426994962,33233.76201160429,4.343239199521633,0.01270031593957203,0.4863807952668673
WPW_118,wapewape_village,-0.0050126087944209535,0.20027107131837824,-0.2603574233846457,27365.173526183753,4.342733947595698,0.008842355350697391,0.5134668783963957
WPW_119,wapewape_village,0.001624596948189736,0.18985541446069482,-0.24029419963541085,30090.996199879013,4.347038551729296,0.006890682854603384,0.501075297845057
WPW_120,wapewape_village,-0.020620434238647185,0.1723032797302765,-0.18337358289980416,16030.414732032878,4.348080195860359,0.00546150133310819,0.4072656051975445
WPW_121,wapewape_village,-0.021978382468409503,0.20803319111522106,-0.2110421946796844,35266.89977577499,4.347841930381403,0.013197056689058607,0.5027499521343419
WPW_122,wapewape_village,-0.021104051696526564,0.21138823636303983,-0.21405974231916577,61957.0959046039,4.353055753592703,0.009814416706324098,0.39483538325490425
WPW_123,wapewape_village,0.007039177382373526,0.21379285601008075,-0.252932917824769,49765.3957518616,4.352243686943278,0.007834453210769319,0.3856949233214109
WPW_125,wapewape_village,0.08156885005256366,0.17701818692483515,-0.3263177820342588,29568.62310659268,4.346200933574018,0.012341858992000838,0.3685674612925708
WPW_126,wapewape_village,0.06892653083290032,0.20135566299759924,-0.37896843444419476,18275.79220058846,4.342740132860339,0.017995256854603806,0.48691954355019007
WPW_127,wapewape_village,0.019472590448058096,0.17750245325381347,-0.3125228202809889,28828.626599084495,4.352816983406819,0.010289164577081804,0.5087420038026333
WPW_128,wapewape_village,0.06898395222000907,0.11653435071197032,-0.23740332229511607,89998.5136596044,4.353572079498219,0.00314100219592354,0.41030325079464064
WPW_129,wapewape_village,0.07764938920394521,0.11973181689619448,-0.2533631485231818,64356.43418125776,4.352581628603794,0.0031546354954712177,0.4651907256203498
WPW_130,wapewape_village,-0.007851986279321812,0.15738595160672098,-0.20316654699986259,26728.604712538166,4.34768361459861,0.007154755411914362,0.48871481275471895
WPW_131,wapewape_village,0.03443134911099113,0.15543548778562943,-0.26166381732379107,61711.01461831262,4.341977979803357,0.013459426867754398,0.5718414118088442
WPW_132,wapewape_village,0.022133431236217235,0.186201085919627,-0.2412718013125651,64670.8487034743,4.347032234748984,0.005701374882469918,0.40550959259566
WPW_138,wapewape_village,0.014100144538585829,0.1531976987391359,-0.241296584479974,28189.96807325689,4.3482314047483275,0.003975795416259668,0.5016481355310196
WPW_139,wapewape_village,0.026733021201847396,0.16878730276954396,-0.2999565968427943,41985.327926136226,4.34690122474741,0.0065315557546579694,0.36238322968283493
WPW_140,wapewape_village,-0.005841569289625297,0.16421032129525068,-0.21398172393373693,12023.109973613407,4.337857892631833,0.020462603914619786,0.46321174935523285
WPW_141,wapewape_village,0.01625162185735737,0.14262840117125442,-0.24245324372410382,8511.801352895865,4.336368532014692,0.016089075877666014,0.4697550382650841
WPW_142,wapewape_village,-0.004012819519667033,0.16213552548290025,-0.2199430737151221,25285.816985980786,4.34675418204684,0.01545037178438822,0.4727286267149696
WPW_143,wapewape_village,-0.015049526745212012,0.1757670407747172,-0.19572453546171087,46436.66869594546,4.351178103039876,0.003732473206501744,0.4349881667690692
WPW_144,wapewape_village,-0.011821882654426623,0.19492580985710514,-0.213444780042227,32610.868230698787,4.34543364282179,0.005738286986048609,0.4684498781880348
WPW_145,wapewape_village,-0.0014641427409045021,0.22744011184141966,-0.24792090648005238,36090.27206553406,4.348535379495945,0.006324320365065041,0.6592758812600467
WPW_146,wapewape_village,0.057749746683429984,0.18656160164241128,-0.2956619029256478,45728.8792682982,4.353741458929681,0.004459571038101064,0.6708733744502723
WPW_147,wapewape_village,0.021450709039392158,0.16955484726299896,-0.23315122384862885,63081.34017496031,4.3532116447117915,0.0045899770608799455,0.5898083828305097
WPW_148,wapewape_village,0.00484200417553965,0.19752312585696036,-0.2483913984100389,43796.79054356089,4.349978688237687,0.014218553250373136,0.4810846219573064
WPW_149,wapewape_village,0.011263230727999687,0.19483429966776206,-0.27419994229735206,26487.183249653717,4.351663761765916,0.010380097710368505,0.343903575256668
WPW_150,wapewape_village,-0.009928198323422661,0.17239755121750253,-0.2044480422116959,18291.632891279918,4.353564349413077,0.007361440431791857,0.45807614527311036
WPW_151,wapewape_village,0.020087646435521876,0.14616963269439756,-0.23577386908984263,34894.54354044348,4.3532114231500625,0.004452648716283169,0.4757752748568935
WPW_152,wapewape_village,0.09194449803972582,0.106001018949006,-0.24452659615788078,94240.75256583765,4.352492413991917,0.0028720217319572034,0.4857311111547603
WPW_153,wapewape_village,0.020952003963023814,0.15128529034362617,-0.21942031765045386,102307.07507159168,4.347353731736037,0.0033641135259223805,0.6259064290352274
WPW_162,wapewape_village,0.027902782206144044,0.17107637771538747,-0.26540449872209976,26724.252149239666,4.341409994353787,0.007504430401108823,0.14130487312844556
WPW_163,wapewape_village,0.013328064168554823,0.18031237428155403,-0.2477945640232945,16501.776227487302,4.349183105794643,0.010766685104849972,0.34594275244916367
WPW_164,wapewape_village,0.02046362360792714,0.16451496406768887,-0.256538551468615,31540.25051065752,4.338359909064076,0.016596375297137835,0.5033538602397278
WPW_165,wapewape_village,0.04588438895836668,0.17177337490177408,-0.3284035579482435,41469.95354644973,4.340503044575451,0.019801416311121693,0.44257280683561906
WPW_166,wapewape_village,0.008035864507948135,0.1892644258160295,-0.23034833952598482,49283.687343428704,4.344823358718528,0.008758559705779219,0.3798595274493196
WPW_167,wapewape_village,-0.010353016161471367,0.19837192307293552,-0.21472034461118591,28413.16358259534,4.339970531084056,0.009038438546094285,0.584004640331188
WPW_170,wapewape_village,-0.006039895483620452,0.22807377552811317,-0.2331514753165457,56524.684011471305,4.35262722445774,0.004048408273180922,0.6163624141101133
WPW_171,wapewape_village,0.011034635600591274,0.20919381387339572,-0.27918733559840603,32232.466475084675,4.348584895505942,0.01458133321994639,0.6389711602950017
WPW_172,wapewape_village,-0.009365734296989378,0.19421712627768728,-0.2319329881046062,34879.92527636055,4.342373326073313,0.011790996336628796,0.3778746486085486
WPW_173,wapewape_village,0.0256475293886347,0.17975831056345268,-0.2617311395389425,32111.18456919297,4.349550297960116,0.006561239700916906,0.4219857730671184
WPW_174,wapewape_village,0.04456225760912634,0.15349380867885207,-0.24820112327594782,38052.8663399159,4.347022982141526,0.0033766013278208194,0.46521833132631246
WPW_175,wapewape_village,0.014092693808567909,0.14078390104538382,-0.1970007685793134,56439.66575157931,4.353741458929681,0.004903094723878276,0.4209902679146396
WPW_194,wapewape_village,0.025645191279018573,0.15051277785039752,-0.2519641804199621,34195.911820586814,4.344101912100465,0.009486152391399862,0.680948176006654
WPW_195,wapewape_village,-0.001801474463034315,0.18110419879089096,-0.2287481132523492,34898.53307637809,4.347375920368737,0.009364159131642524,0.4077609843844213
WPW_196,wapewape_village,0.01900255539348715,0.17615928725852212,-0.2603460030060548,39993.35970328657,4.349098183918851,0.00987350730985337,0.40335808120911665
WPW_218,wapewape_village,0.026711543466343066,0.1470047194037497,-0.24507874679021235,65927.23246602935,4.345439696161071,0.00992408203578148,0.6174656779198515
SVL_2,Sisal_village,0.2054752532464974,0.09712127971251854,-0.3592101086853693,45519.02887808635,4.349786970673033,0.008310008122461687,0.44409557607765904
SVL_3,Sisal_village,0.18658191481930617,0.10027757818430717,-0.33253024166900025,55158.66304580876,4.349616386179703,0.009605695642693035,0.4756618693427466
SVL_16,Sisal_village,0.280199682447431,0.047953905036053415,-0.40240724989024246,123311.48327173483,4.349427253775432,0.004593926358612659,0.5354696981775968
SVL_17,Sisal_village,0.22727385165862132,0.08015131679176501,-0.3857603130908429,75418.10157737548,4.352489327384605,0.0010592594251933236,0.5997121323636695
SVL_18,Sisal_village,0.27923386096513964,0.0792609878713957,-0.41843230421352734,46334.597301499896,4.345691771079558,0.0014948598673979842,0.43432222209562116
SVL_19,Sisal_village,0.275469970128846,0.060617477243716966,-0.40308281426568743,57374.635431344905,4.347753437022525,0.0051309169431079035,0.4344956977820194
SVL_20,Sisal_village,0.24907942854535922,0.07764384781173408,-0.36534159157045265,43108.32714510401,4.341787426736681,0.011702962983186481,0.4976014399506503
SVL_21,Sisal_village,0.12368786566777504,0.1162794989654643,-0.2860637346129858,53298.58188081009,4.3504041384083845,0.007811425952783248,0.6138605398138686
SVL_32,Sisal_village,0.29518495332746647,0.006552058262648292,-0.38256676729506106,165194.25801654704,4.353313930959445,0.003046655514146466,0.6068365217153955
SVL_33,Sisal_village,0.2243920935476931,0.10013209920806378,-0.4132130992065874,125943.16777632454,4.352476614385078,0.0036666765337128996,0.4964285019103296
SVL_34,Sisal_village,0.2025526920288832,0.12698162859480405,-0.41869984897629764,99712.77097767586,4.350979566683864,0.006063273284148332,0.48031990783720285
SVL_35,Sisal_village,0.22825157008870764,0.10445814379988726,-0.4487260333921249,99999.90125892332,4.347547691526501,0.0036191788652546095,0.5368572652837864
SVL_36,Sisal_village,0.35909751295777714,0.043219617589135874,-0.45736467331183783,35084.80200885479,4.344774606605624,0.018236384066608196,0.46119576930652595
SVL_37,Sisal_village,0.3036987866135675,0.039592447311078395,-0.39840468348811936,54866.11237908688,4.350592541363866,0.012486566845241983,0.6197128113254778
SVL_38,Sisal_village,0.14522644069013133,0.10771974606840187,-0.3051596442325531,67148.24585311514,4.352372348413454,0.007171264182390176,0.6513976637879987
SVL_49,Sisal_village,0.22068860498680054,0.13265886275645072,-0.4395077466906581,111782.83707919635,4.351191064254223,0.006374999198724156,0.5102441628344094
SVL_50,Sisal_village,0.18158083768714733,0.20374203875399124,-0.4767931282122779,70601.33270880046,4.348392637624141,0.013369137091211436,0.5561660989534338
SVL_51,Sisal_village,0.24849433534472917,0.16439314405873282,-0.4848742245970883,51036.43344661436,4.352070692326278,0.004823924995492983,0.5769337122886652
SVL_52,Sisal_village,0.37700987728033625,0.029725201553283034,-0.43921659233012417,19214.900089450388,4.351967319295907,0.009500831861117082,0.30636406566097885
SVL_53,Sisal_village,0.3937351937601728,-0.014265891096270576,-0.4669678263179809,42732.90678456452,4.352308872045148,0.0071778976298573815,0.45629865405014286
SVL_54,Sisal_village,0.4325863252104105,-0.007715653874443119,-0.4674103599894389,66722.81730188553,4.3529882459183815,0.004237572928145182,0.6408306317856084
SVL_55,Sisal_village,0.18996674730830596,0.10903073966306859,-0.3539561490362099,70824.7362492946,4.352280665613877,0.0011705740552292825,0.6991472909137003
SVL_56,Sisal_village,0.1178083711648232,0.15105241303816092,-0.33567128229512966,54633.384340885874,4.353741458929681,0.001419586483438131,0.6114217136620917
SVL_66,Sisal_village,0.20436200472698932,0.1589649785684272,-0.4497485054971104,63379.344706376985,4.3531762148096655,0.0027925304617339632,0.6437248558505962
SVL_67,Sisal_village,0.21739675229019192,0.1181120597003203,-0.40001034897153087,49329.93414537752,4.353232669795813,0.0038191113673516075,0.6589222458400444
SVL_68,Sisal_village,0.30190364665183844,0.06907523685023595,-0.46881173867211934,27250.974198114385,4.353741458929681,0.002645543299567006,0.35441984960557316
SVL_69,Sisal_village,0.33248905758948605,0.03212516581133526,-0.47068960034628554,39324.35965183777,4.352742460588009,0.004142320423131721,0.5041180771639151
SVL_70,Sisal_village,0.24861301963576635,0.06637180719862877,-0.4130062984105277,68591.27814005339,4.345513288752711,0.010284624732399886,0.6659975587028142
SVL_71,Sisal_village,0.3654080030782271,0.02494501991645266,-0.45703218743094076,83448.66321276879,4.346115170861197,0.007383484927467844,0.7522250298773618
SVL_72,Sisal_village,0.3035452395862245,0.058296698316273335,-0.40532177219646554,51195.6838929206,4.353741458929681,0.004658919255589946,0.5903208333279928
SVL_73,Sisal_village,0.11974276507229013,0.14228258242063999,-0.3449920563439984,49409.36140628885,4.353741458929681,0.0026514821451690844,0.6610068578928648
SVL_83,Sisal_village,0.31614240131045235,0.08747348949470267,-0.46972484687231125,62328.89865526874,4.351860052389823,0.008600306421981313,0.6672534340209694
SVL_84,Sisal_village,0.3646873503155046,0.019092301657303027,-0.4925777908997313,40011.698873603455,4.350785466457235,0.0057962977200777905,0.5603439816928381
SVL_85,Sisal_village,0.25289374967332606,0.04894170016651925,-0.369115645980655,36371.59535086149,4.350012753066282,0.0059498146401399605,0.5617388109543434
SVL_86,Sisal_village,0.28472299718541005,0.03945999163375999,-0.37464641378686525,54660.42446098503,4.342483625183081,0.00819329820741726,0.5874151372339879
SVL_87,Sisal_village,0.29813916354071707,0.055107277055227576,-0.3966806640232351,54189.38668998692,4.346365863596995,0.009948612892286837,0.5862617130345023
SVL_88,Sisal_village,0.2968453761178611,0.08376588710353361,-0.40014643546016243,40367.31968116206,4.3514526541294885,0.006898760673736948,0.5817599955311783
SVL_89,Sisal_village,0.08732344207375399,0.1662833849341781,-0.3143997414312697,25042.847497657327,4.350234636554516,0.00738036798792844,0.5209074236776021
SVL_90,Sisal_village,0.06940612975635577,0.17356263831517324,-0.3027684279094677,31375.184047495586,4.347849761138167,0.01031151063163079,0.564498529365002
SVL_91,Sisal_village,0.11135586368780662,0.15312950733257907,-0.3512443412237328,44814.56216963369,4.351129941842012,0.007281253836714303,0.6083064728529414
SVL_100,Sisal_village,0.30199221659082787,0.051256029258893325,-0.47380739527008836,47072.65466769441,4.338636003286184,0.013829222846221666,0.6143401137441412
SVL_101,Sisal_village,0.31132035882606723,0.09533920925341836,-0.40843677986498383,30909.315650984998,4.347612122545475,0.010610214871707527,0.5314706010638228
SVL_102,Sisal_village,0.28553649489148103,0.057866580042464595,-0.37448842109092173,48562.569720966974,4.345574343448776,0.008080175236907215,0.566754793875454
SVL_103,Sisal_village,0.22287408491295405,0.11933250101807197,-0.3701462310600108,39106.990342796984,4.346084977611988,0.008990836393147239,0.6823899798526111
SVL_104,Sisal_village,0.05339207711042584,0.17507937348241742,-0.2754621413230323,24673.759443252176,4.347464147957646,0.009905233858837969,0.5784087639293364
SVL_105,Sisal_village,-0.0023402685167231174,0.21631633251426688,-0.2549946063945692,12853.407921845213,4.341147319646831,0.023102248036844318,0.40518218749801815
SVL_106,Sisal_village,9.96127228676462E-4,0.19882758865305472,-0.2410425447573631,10843.208291544248,4.3455604526978195,0.021582501851359744,0.30631657681213637
SVL_107,Sisal_village,0.03822696399908162,0.18012470185623305,-0.27109959748036516,22654.58623664195,4.344106336207159,0.015776303093081822,0.4252736895462223
SVL_108,Sisal_village,0.05751027335540179,0.17558614462640498,-0.3047080252944928,34116.41553520315,4.336253187565953,0.013590331043840446,0.6452703032243564
SVL_117,Sisal_village,0.18102101144853736,0.1496697232863686,-0.38320198755652046,18016.642695126553,4.349756923490276,0.010462350670674398,0.6734336397447294
SVL_118,Sisal_village,0.1339925525539432,0.1434810616528819,-0.3385667111794118,16815.436395392793,4.34601788615231,0.008974951847005313,0.6188283364094047
SVL_119,Sisal_village,0.04820650307398221,0.18536680635203892,-0.2989821522891777,17075.841184669596,4.342550162820267,0.023450741954380176,0.478219864492605
SVL_120,Sisal_village,0.007583169350897156,0.21729544933597267,-0.2780002418727898,17407.285207177916,4.348635314467036,0.01695510523362682,0.4130207679345738
SVL_121,Sisal_village,0.005757077579397124,0.20821525104566566,-0.27037906647538806,6845.4309888938615,4.342748492378412,0.017770831594868634,0.35604022709205396
SVL_122,Sisal_village,-0.010908508956465024,0.202350270205851,-0.22638826232618517,16356.177952981225,4.3466833422402456,0.014349482381779239,0.2594274740261348
SVL_123,Sisal_village,0.012615985277584379,0.19133789935546358,-0.2503877660981968,11202.858718569638,4.3482523510168765,0.018411574787370554,0.3382175558629498
SVL_124,Sisal_village,0.030792616660454724,0.19728321011258357,-0.28170999398905605,13813.210279710329,4.333939601200057,0.019703574565810712,0.6002554753123156
SVL_125,Sisal_village,0.16304175980991512,0.0791981355468244,-0.2944495760363223,62608.04392416008,4.3476661979019156,0.007204336059475759,0.5839257626067345
SVL_133,Sisal_village,0.022986816680113726,0.1852657522915791,-0.25921940242241026,29374.739997865006,4.348116230982389,0.007874260216137624,0.5392512505363137
SVL_134,Sisal_village,0.06363491104558969,0.1759644739317178,-0.3109910353123398,17606.981096689575,4.348736331355834,0.010335224105039271,0.5412519332819571
SVL_135,Sisal_village,0.01673944005563738,0.18181746558325068,-0.2525260059914162,11661.553387350346,4.35088709755497,0.01256532275206892,0.4912803928541017
SVL_136,Sisal_village,0.01967365699988449,0.19898993982956817,-0.2771464529491137,8153.70402201,4.348059732645142,0.012407687679818659,0.397582053222375
SVL_137,Sisal_village,0.02376297553524574,0.18712782679470386,-0.27906124415427214,11305.86799850646,4.3412804339624245,0.014867419409920543,0.5168709703204065
SVL_138,Sisal_village,1.2534104792214147E-4,0.1858577785768134,-0.23223198577554652,16221.969601583321,4.343800320805936,0.009693401134286251,0.2648609516641044
SVL_139,Sisal_village,0.010347926299275514,0.2093570575777731,-0.269571378886203,9442.375342803212,4.349448489288092,0.016901787464921634,0.5318846597403916
SVL_140,Sisal_village,0.03214828984556072,0.19193287169920775,-0.2732025716989487,10372.57834241197,4.3460102330601815,0.01211324309426973,0.6332574314772966
SVL_141,Sisal_village,0.25164999377327013,0.07128484069348594,-0.3770091136579815,50881.673595286375,4.35346124402771,0.00552002622769575,0.6634424487346953
SVL_149,Sisal_village,-0.004210395585786532,0.20046654141030912,-0.22321690556933954,23089.745554346457,4.341280687950381,0.015094633369214988,0.5072620222168013
SVL_150,Sisal_village,-0.0049210443256749075,0.21966728814545258,-0.2494845251965232,7724.121686594959,4.335097354817725,0.031557041979749824,0.45233104074225083
SVL_151,Sisal_village,0.016295421036698864,0.21121153798975875,-0.2773170002393766,7516.618107319443,4.338575211706886,0.01922150038957358,0.4101903507697871
SVL_152,Sisal_village,-0.01267762714561068,0.2138539524221948,-0.2295176686119696,8810.181388015131,4.348230675721819,0.009590497409376675,0.42533745713250487
SVL_153,Sisal_village,0.046904719086266373,0.15472328586476816,-0.2628117683493326,13105.006989672464,4.35271564578059,0.008006048527474713,0.4981093777671511
SVL_154,Sisal_village,0.03612010700514888,0.17455927537712176,-0.2775781843327068,10725.713374781471,4.343581254780983,0.014961073063100837,0.52533714349786
SVL_155,Sisal_village,0.03169147690026359,0.16910574156816988,-0.25642947271866784,15928.484712864309,4.341047483370298,0.01518068424079505,0.6130902525057967
SVL_156,Sisal_village,0.12473986103485761,0.148550599359219,-0.3366058942556048,14063.098810176587,4.347090802665663,0.009259245933335622,0.5714911353037602
SVL_157,Sisal_village,0.27426762371475394,0.10268806859750153,-0.4444943378849808,36900.14249346908,4.346565432377475,0.01996258120379261,0.5238186931718699
SVL_158,Sisal_village,0.35124036726076696,0.026893213172718564,-0.42962896329407857,90242.14833568057,4.350552103339174,0.011002759072755434,0.4358133302847534
SVL_165,Sisal_village,0.0074767612619238205,0.2080381087992288,-0.25687703411533325,10428.42946964822,4.3463247940097025,0.008666734062382601,0.5485398889950692
SVL_166,Sisal_village,0.016645616943220684,0.1891592077138933,-0.26373843728061014,5066.577457917308,4.338969491654269,0.016019148835980827,0.4239094177391216
SVL_167,Sisal_village,0.014325350849350799,0.2224881328339449,-0.29131707056112843,6145.19419094992,4.336598464307909,0.011883683252978885,0.4633107015006724
SVL_168,Sisal_village,0.020822887642505342,0.20877974604200425,-0.2694061983330431,20485.91885870924,4.349114271007842,0.007266440334475282,0.5977942985591451
SVL_169,Sisal_village,0.08502270936738013,0.1452298667507231,-0.30118398357515863,30959.542026837626,4.3495211958434945,0.012385228035019883,0.7042143626054292
SVL_170,Sisal_village,0.09776398404707459,0.14426344977373312,-0.29158189201991813,34492.403800464344,4.345601548923831,0.016224893065662774,0.6902767354080199
SVL_171,Sisal_village,0.12073263301228564,0.15401605488483475,-0.3266798253800631,18718.1107539496,4.344379648106746,0.015931556015466152,0.6095695917844048
SVL_172,Sisal_village,0.2377746136471066,0.13129263700972807,-0.4480959728562861,10332.689883718904,4.343407161728165,0.015320265662091935,0.42892646210016333
SVL_173,Sisal_village,0.28551878544302933,0.09782503735336605,-0.449316169803263,32801.93574885173,4.33898782681932,0.022964698496522336,0.3234380181945108
SVL_174,Sisal_village,0.3606316304845454,0.05555538833227127,-0.4540156636208617,87297.8738786183,4.343840186558607,0.009491678521717957,0.4354775534950005
SVL_182,Sisal_village,0.03455126898541292,0.18846250006793747,-0.2841981391398754,40198.63781280474,4.349195023231888,0.008829846283722333,0.647458908605709
SVL_183,Sisal_village,0.10763547596275691,0.18636615653074853,-0.350382859432518,56337.77391070403,4.345681252230597,0.007680863781265233,0.7297122205178816
SVL_184,Sisal_village,0.17174756209082767,0.1389522273634549,-0.39718010674329257,26073.58002692408,4.344792848803779,0.012941030170370866,0.6289503474309116
SVL_185,Sisal_village,0.16362150575106854,0.14298562410737972,-0.39243647444346513,35039.89615266366,4.346219973663678,0.01839527039483247,0.6020188566327226
SVL_186,Sisal_village,0.1717529020209094,0.12476899271932104,-0.374536538503757,49395.97172634592,4.34765349669276,0.015851727430194158,0.6430898556432404
SVL_187,Sisal_village,0.2060822531200873,0.1300479608454181,-0.4086375267820437,11971.224569162772,4.337525210078648,0.013539691951126507,0.4390819822541366
SVL_188,Sisal_village,0.2469801171012854,0.1562644461584086,-0.47301571604125603,4935.252679177577,4.3346751454515,0.011315862955673184,0.28915212232257526
SVL_189,Sisal_village,0.2730597463264221,0.1212986952978509,-0.45806808610651895,11035.147783888999,4.337466344031609,0.014002857892415255,0.4038773863935772
SVL_190,Sisal_village,0.3236767601433158,0.07041741756871005,-0.45360254714064774,29003.15181366431,4.3479905756441495,0.01917830321966757,0.5200962199586258
SVL_191,Sisal_village,0.28326889748840867,0.09906104255033238,-0.4550042584085829,34797.59361977338,4.349053024858492,0.014970304656867156,0.41322965752565044
SVL_198,Sisal_village,0.1901430058143899,0.09142625549844875,-0.3409233209520512,98286.4772942672,4.352425918669919,0.005843626541960936,0.7735442884401647
SVL_199,Sisal_village,0.12957916791508212,0.11499210275655575,-0.3192782312798638,87247.33414386305,4.3499861769772545,0.007841908260697934,0.7155719134675188
SVL_200,Sisal_village,0.12325780450546515,0.1487043489763677,-0.3797087597433629,20225.15127320514,4.34854888032854,0.01255191529809786,0.6959581936441658
SVL_201,Sisal_village,0.07726270064875321,0.1439949462399809,-0.3166637857276955,6025.737470635047,4.346451947094557,0.023484225452136406,0.7005761300335346
SVL_202,Sisal_village,0.09119637567393674,0.1598981758522033,-0.3398224132431536,9114.447373541821,4.345942176348125,0.020112145975825453,0.54562888507425
SVL_203,Sisal_village,0.2143884524094287,0.1412416897102156,-0.42333458359259063,8346.708704638311,4.332455782220621,0.013436340357788661,0.6034787099232882
SVL_204,Sisal_village,0.2522494239245213,0.15508775373510636,-0.476825034159963,14185.75192833021,4.331923484093164,0.008429610454082406,0.47262465665193415
SVL_205,Sisal_village,0.2698367954194065,0.12279043345136287,-0.46223231720108693,38790.652665719404,4.344192500108113,0.009103845392724753,0.4249129808168074
SVL_206,Sisal_village,0.3086574513394831,0.06027851601158952,-0.42666246768107235,51030.17003214788,4.351283093348065,0.010376360818298814,0.5360593885245104
SVL_214,Sisal_village,0.21200934955878717,0.07430773091495536,-0.3328235018337941,114800.4430649124,4.349585649050267,0.009448810574656108,0.7175551337421023
SVL_215,Sisal_village,0.16816368134571383,0.11987215367591827,-0.36930143822439015,76788.53237254088,4.347608880320985,0.007566364320918838,0.647432866288989
SVL_216,Sisal_village,0.09541609146446128,0.16189871376608858,-0.39782637674453475,15467.287807830327,4.347015391071002,0.008194844013005449,0.6722127065662428
SVL_217,Sisal_village,0.06086121444559067,0.14034582609750604,-0.2954003455809328,12355.286859121563,4.353147216048635,0.0117927364872044,0.5868231113413642
SVL_218,Sisal_village,0.12341787450942542,0.1407045570279454,-0.3455666708935305,8041.198721785866,4.3529374818248865,0.010102336633786149,0.5074921399863623
SVL_219,Sisal_village,0.2173425413138301,0.15036085458885448,-0.44085781056291984,7399.703795489105,4.350847389688262,0.009406993467514443,0.5774606335998823
SVL_220,Sisal_village,0.2271892853145271,0.12649814255008435,-0.4300279401974935,23722.13392395388,4.344762422025125,0.009644379370441273,0.5479238996493392
SVL_231,Sisal_village,0.07800877413529322,0.13229986320341777,-0.2851861815485964,24105.762276340323,4.352905628553325,0.0035327336708465768,0.47461195015347457
SVL_232,Sisal_village,0.1460540916834005,0.10723025714547545,-0.34529892173391735,14803.444542205365,4.344117431219023,0.00357350735840876,0.5517016517018921
SVL_233,Sisal_village,0.25611406171653495,0.09410102565874856,-0.4286501121170293,36342.28156825115,4.3535093701115875,0.003826611744479539,0.5461611173718389
SVL_234,Sisal_village,0.2683957096905877,0.10474516242748477,-0.43248750078531745,23927.935550682258,4.353741458929681,0.008173189399754113,0.5612530097057742
SVL_235,Sisal_village,0.20618442775129903,0.13983347377941754,-0.4201852855635003,6967.297885241054,4.353741458929681,0.008099973297950619,0.380213851636941
SVL_248,Sisal_village,0.14166057553030642,0.10268584560188423,-0.3251647536610481,23532.85026969094,4.353352496521588,0.005229865007175991,0.5473799307818116
SVL_249,Sisal_village,0.2814378885500252,0.07027379509258795,-0.4176644628768562,34013.52856028774,4.353741458929681,0.0054448476128497935,0.5603550916189695
